insert into camara values (0);
insert into camara values (1);
insert into camara values (2);
insert into camara values (3);
insert into camara values (4);
insert into camara values (5);
insert into camara values (6);
insert into camara values (7);
insert into camara values (8);
insert into camara values (9);
insert into camara values (10);
insert into camara values (11);
insert into camara values (12);
insert into camara values (13);
insert into camara values (14);
insert into camara values (15);
insert into camara values (16);
insert into camara values (17);
insert into camara values (18);
insert into camara values (19);
insert into camara values (20);
insert into camara values (21);
insert into camara values (22);
insert into camara values (23);
insert into camara values (24);
insert into camara values (25);
insert into camara values (26);
insert into camara values (27);
insert into camara values (28);
insert into camara values (29);
insert into camara values (30);
insert into camara values (31);
insert into camara values (32);
insert into camara values (33);
insert into camara values (34);
insert into camara values (35);
insert into camara values (36);
insert into camara values (37);
insert into camara values (38);
insert into camara values (39);
insert into camara values (40);
insert into camara values (41);
insert into camara values (42);
insert into camara values (43);
insert into camara values (44);
insert into camara values (45);
insert into camara values (46);
insert into camara values (47);
insert into camara values (48);
insert into camara values (49);
insert into camara values (50);
insert into camara values (51);
insert into camara values (52);
insert into camara values (53);
insert into camara values (54);
insert into camara values (55);
insert into camara values (56);
insert into camara values (57);
insert into camara values (58);
insert into camara values (59);
insert into camara values (60);
insert into camara values (61);
insert into camara values (62);
insert into camara values (63);
insert into camara values (64);
insert into camara values (65);
insert into camara values (66);
insert into camara values (67);
insert into camara values (68);
insert into camara values (69);
insert into camara values (70);
insert into camara values (71);
insert into camara values (72);
insert into camara values (73);
insert into camara values (74);
insert into camara values (75);
insert into camara values (76);
insert into camara values (77);
insert into camara values (78);
insert into camara values (79);
insert into camara values (80);
insert into camara values (81);
insert into camara values (82);
insert into camara values (83);
insert into camara values (84);
insert into camara values (85);
insert into camara values (86);
insert into camara values (87);
insert into camara values (88);
insert into camara values (89);
insert into camara values (90);
insert into camara values (91);
insert into camara values (92);
insert into camara values (93);
insert into camara values (94);
insert into camara values (95);
insert into camara values (96);
insert into camara values (97);
insert into camara values (98);
insert into camara values (99);


insert into video values ('2018-07-06 06:22:09', '2018-07-06 13:26:23', 0);
insert into video values ('2018-01-09 04:02:08', '2018-01-09 09:48:12', 0);
insert into video values ('2018-06-11 21:53:45', '2018-06-11 23:15:15', 0);
insert into video values ('2018-04-25 20:53:28', '2018-04-25 02:27:32', 1);
insert into video values ('2018-06-15 15:51:02', '2018-06-15 19:33:22', 1);
insert into video values ('2018-03-11 17:55:47', '2018-03-11 05:05:32', 2);
insert into video values ('2018-06-07 10:31:46', '2018-06-07 17:03:07', 2);
insert into video values ('2018-10-20 09:28:36', '2018-10-20 20:18:51', 2);
insert into video values ('2018-11-10 02:05:52', '2018-11-10 10:19:13', 3);
insert into video values ('2018-08-11 10:46:49', '2018-08-11 16:25:55', 3);
insert into video values ('2018-04-05 05:08:38', '2018-04-05 08:30:16', 4);
insert into video values ('2018-07-15 23:08:24', '2018-07-15 08:39:22', 4);
insert into video values ('2018-07-29 03:03:08', '2018-07-29 10:27:29', 4);
insert into video values ('2018-11-15 14:36:37', '2018-11-15 18:30:32', 4);
insert into video values ('2018-05-19 17:18:57', '2018-05-19 19:25:46', 5);
insert into video values ('2018-11-30 04:55:15', '2018-11-30 06:08:52', 6);
insert into video values ('2018-01-27 16:39:13', '2018-01-27 21:29:34', 7);
insert into video values ('2018-10-22 11:34:16', '2018-10-22 22:58:26', 7);
insert into video values ('2018-10-29 07:51:41', '2018-10-29 12:09:01', 8);
insert into video values ('2018-03-18 10:45:35', '2018-03-18 18:28:38', 8);
insert into video values ('2018-05-29 01:38:21', '2018-05-29 10:02:36', 8);
insert into video values ('2018-11-09 01:41:47', '2018-11-09 06:14:48', 10);
insert into video values ('2018-11-10 16:34:12', '2018-11-11 03:16:39', 10);
insert into video values ('2018-08-27 10:05:46', '2018-08-27 16:45:25', 10);
insert into video values ('2018-08-05 18:22:16', '2018-08-05 04:41:33', 10);
insert into video values ('2018-01-29 20:17:09', '2018-01-29 03:43:12', 11);
insert into video values ('2018-10-30 08:15:34', '2018-10-30 08:38:35', 11);
insert into video values ('2018-03-23 12:26:19', '2018-03-23 15:48:03', 12);
insert into video values ('2018-06-08 18:57:04', '2018-06-08 01:15:02', 12);
insert into video values ('2018-03-11 19:57:44', '2018-03-11 20:21:31', 12);
insert into video values ('2018-02-20 17:28:40', '2018-02-20 02:29:02', 12);
insert into video values ('2018-08-12 09:26:50', '2018-08-12 20:08:49', 13);
insert into video values ('2018-02-11 20:21:22', '2018-02-11 08:21:21', 13);
insert into video values ('2018-09-17 11:08:18', '2018-09-17 15:49:03', 13);
insert into video values ('2018-10-28 14:18:39', '2018-10-28 15:26:12', 13);
insert into video values ('2018-10-11 05:08:14', '2018-10-11 09:18:48', 14);
insert into video values ('2018-01-30 20:35:35', '2018-01-30 02:35:38', 15);
insert into video values ('2018-01-05 18:24:13', '2018-01-05 22:49:54', 15);
insert into video values ('2018-07-04 06:15:26', '2018-07-04 16:24:34', 16);
insert into video values ('2018-02-07 11:11:28', '2018-02-07 21:54:35', 16);
insert into video values ('2018-08-13 13:09:52', '2018-08-13 18:14:45', 17);
insert into video values ('2018-11-16 20:55:32', '2018-11-16 23:16:08', 17);
insert into video values ('2018-06-17 03:11:52', '2018-06-17 05:24:04', 17);
insert into video values ('2018-06-30 03:57:04', '2018-06-30 06:54:25', 18);
insert into video values ('2018-03-23 03:55:49', '2018-03-23 06:34:29', 21);
insert into video values ('2018-08-22 20:38:10', '2018-08-22 01:19:58', 21);
insert into video values ('2018-01-27 23:38:07', '2018-01-28 05:56:35', 21);
insert into video values ('2018-03-26 17:56:01', '2018-03-26 23:22:18', 21);
insert into video values ('2018-10-28 11:51:19', '2018-10-28 12:02:33', 22);
insert into video values ('2018-05-09 12:34:25', '2018-05-09 18:16:31', 22);
insert into video values ('2018-10-20 04:47:21', '2018-10-20 08:22:37', 22);
insert into video values ('2018-04-04 14:13:25', '2018-04-04 18:16:10', 23);
insert into video values ('2018-02-15 21:03:39', '2018-02-15 02:18:48', 24);
insert into video values ('2018-05-06 08:55:08', '2018-05-06 08:14:51', 26);
insert into video values ('2018-05-18 20:59:49', '2018-05-18 21:29:51', 26);
insert into video values ('2018-10-07 03:38:30', '2018-10-07 14:04:51', 26);
insert into video values ('2018-11-03 13:04:40', '2018-11-03 01:38:31', 26);
insert into video values ('2018-11-29 01:34:57', '2018-11-29 06:35:59', 28);
insert into video values ('2018-02-10 10:31:35', '2018-02-10 11:44:19', 28);
insert into video values ('2018-03-12 02:12:38', '2018-03-12 07:56:22', 30);
insert into video values ('2018-10-10 11:08:24', '2018-10-10 13:52:39', 31);
insert into video values ('2018-01-27 15:21:54', '2018-01-27 20:42:15', 31);
insert into video values ('2018-11-13 10:36:30', '2018-11-13 18:53:26', 31);
insert into video values ('2018-03-27 19:16:08', '2018-03-28 05:24:08', 31);
insert into video values ('2018-04-22 22:52:29', '2018-04-23 08:36:47', 32);
insert into video values ('2018-07-20 04:43:03', '2018-07-20 07:23:14', 35);
insert into video values ('2018-02-27 10:07:04', '2018-02-27 15:30:14', 35);
insert into video values ('2018-08-20 23:34:20', '2018-08-20 07:30:23', 36);
insert into video values ('2018-09-11 07:26:20', '2018-09-11 16:13:15', 36);
insert into video values ('2018-08-06 18:03:48', '2018-08-06 19:28:45', 37);
insert into video values ('2018-08-27 06:41:14', '2018-08-27 16:25:01', 37);
insert into video values ('2018-08-29 04:59:48', '2018-08-29 11:45:08', 37);
insert into video values ('2018-03-07 08:54:08', '2018-03-07 12:08:36', 38);
insert into video values ('2018-06-28 09:55:57', '2018-06-28 17:24:01', 38);
insert into video values ('2018-01-02 15:35:15', '2018-01-03 01:38:29', 39);
insert into video values ('2018-05-27 22:45:59', '2018-05-27 03:35:55', 39);
insert into video values ('2018-04-26 13:51:20', '2018-04-26 17:40:37', 39);
insert into video values ('2018-02-07 04:15:21', '2018-02-07 13:34:15', 39);
insert into video values ('2018-02-09 07:24:25', '2018-02-09 12:26:01', 40);
insert into video values ('2018-11-07 05:35:51', '2018-11-07 06:44:33', 40);
insert into video values ('2018-03-11 21:49:42', '2018-03-12 01:17:48', 40);
insert into video values ('2018-02-07 08:25:30', '2018-02-07 11:22:31', 41);
insert into video values ('2018-06-10 19:58:32', '2018-06-10 20:49:25', 41);
insert into video values ('2018-08-08 01:33:12', '2018-08-08 04:26:31', 42);
insert into video values ('2018-01-26 12:09:34', '2018-01-26 15:55:35', 42);
insert into video values ('2018-11-12 18:52:31', '2018-11-12 01:15:05', 42);
insert into video values ('2018-03-16 19:31:37', '2018-03-16 21:51:12', 43);
insert into video values ('2018-05-08 02:03:20', '2018-05-08 06:58:27', 43);
insert into video values ('2018-11-07 17:18:04', '2018-11-07 03:08:10', 43);
insert into video values ('2018-09-19 23:32:51', '2018-09-20 07:39:52', 45);
insert into video values ('2018-04-04 15:06:31', '2018-04-04 17:42:18', 45);
insert into video values ('2018-07-06 13:13:04', '2018-07-06 21:36:03', 45);
insert into video values ('2018-03-10 19:39:09', '2018-03-10 22:08:49', 45);
insert into video values ('2018-08-24 06:09:01', '2018-08-24 13:24:51', 46);
insert into video values ('2018-02-08 07:34:52', '2018-02-08 17:19:12', 46);
insert into video values ('2018-07-09 05:51:01', '2018-07-09 12:34:35', 47);
insert into video values ('2018-03-23 02:51:55', '2018-03-23 07:01:58', 47);
insert into video values ('2018-07-23 18:31:21', '2018-07-23 05:02:42', 47);
insert into video values ('2018-09-22 03:10:52', '2018-09-22 14:15:20', 48);
insert into video values ('2018-03-29 11:19:35', '2018-03-29 17:57:30', 48);
insert into video values ('2018-06-27 17:02:56', '2018-06-28 03:28:32', 48);
insert into video values ('2018-05-01 19:14:20', '2018-05-01 23:56:02', 49);
insert into video values ('2018-02-08 07:33:16', '2018-02-08 16:39:31', 50);
insert into video values ('2018-04-23 19:54:41', '2018-04-23 23:48:40', 50);
insert into video values ('2018-05-06 15:13:38', '2018-05-07 03:30:54', 50);
insert into video values ('2018-10-31 01:41:23', '2018-10-31 07:54:29', 51);
insert into video values ('2018-11-29 18:19:38', '2018-11-29 23:26:36', 51);
insert into video values ('2018-07-10 13:37:40', '2018-07-10 20:21:12', 51);
insert into video values ('2018-07-14 05:02:51', '2018-07-14 09:55:36', 51);
insert into video values ('2018-07-22 16:01:52', '2018-07-22 03:07:42', 52);
insert into video values ('2018-10-10 15:40:29', '2018-10-10 01:15:53', 52);
insert into video values ('2018-04-03 15:52:05', '2018-04-03 22:42:54', 52);
insert into video values ('2018-10-10 23:35:25', '2018-10-10 04:27:17', 52);
insert into video values ('2018-06-04 11:42:05', '2018-06-04 18:40:22', 53);
insert into video values ('2018-11-04 11:20:25', '2018-11-04 12:55:42', 53);
insert into video values ('2018-05-11 09:54:13', '2018-05-11 09:57:56', 53);
insert into video values ('2018-10-21 15:27:17', '2018-10-21 17:54:49', 53);
insert into video values ('2018-04-30 21:52:15', '2018-05-01 08:08:09', 55);
insert into video values ('2018-04-26 17:09:47', '2018-04-26 03:08:25', 56);
insert into video values ('2018-07-23 13:33:42', '2018-07-23 16:51:14', 56);
insert into video values ('2018-09-22 15:34:06', '2018-09-23 01:58:56', 56);
insert into video values ('2018-03-31 08:34:09', '2018-03-31 09:44:21', 56);
insert into video values ('2018-07-19 14:52:29', '2018-07-19 17:13:19', 57);
insert into video values ('2018-08-21 12:46:05', '2018-08-21 22:16:07', 59);
insert into video values ('2018-07-20 17:42:21', '2018-07-20 21:48:52', 61);
insert into video values ('2018-05-29 14:48:01', '2018-05-29 21:58:32', 61);
insert into video values ('2018-01-04 07:30:18', '2018-01-04 10:03:09', 62);
insert into video values ('2018-07-20 05:11:32', '2018-07-20 05:26:26', 62);
insert into video values ('2018-09-20 08:27:28', '2018-09-20 14:02:16', 62);
insert into video values ('2018-09-28 23:19:42', '2018-09-28 09:02:23', 64);
insert into video values ('2018-03-31 18:57:18', '2018-04-01 04:41:03', 67);
insert into video values ('2018-04-19 03:25:55', '2018-04-19 06:05:37', 67);
insert into video values ('2018-08-08 18:18:22', '2018-08-09 01:46:17', 68);
insert into video values ('2018-03-14 21:51:57', '2018-03-14 05:32:12', 68);
insert into video values ('2018-05-03 21:29:29', '2018-05-03 03:55:29', 68);
insert into video values ('2018-11-16 06:31:14', '2018-11-16 13:01:59', 68);
insert into video values ('2018-08-20 19:28:24', '2018-08-20 21:06:28', 69);
insert into video values ('2018-06-13 12:16:28', '2018-06-13 22:52:57', 69);
insert into video values ('2018-10-10 06:55:14', '2018-10-10 16:11:56', 69);
insert into video values ('2018-08-10 21:41:01', '2018-08-10 02:02:53', 70);
insert into video values ('2018-01-11 21:09:06', '2018-01-12 05:54:09', 70);
insert into video values ('2018-09-19 20:13:39', '2018-09-19 02:29:30', 71);
insert into video values ('2018-06-28 02:55:58', '2018-06-28 09:03:55', 71);
insert into video values ('2018-05-12 18:24:36', '2018-05-12 06:29:31', 71);
insert into video values ('2018-10-26 10:15:25', '2018-10-26 12:45:06', 71);
insert into video values ('2018-09-05 21:57:35', '2018-09-06 05:06:05', 72);
insert into video values ('2018-06-16 21:19:31', '2018-06-16 21:42:13', 72);
insert into video values ('2018-11-07 05:42:02', '2018-11-07 09:13:38', 72);
insert into video values ('2018-11-22 12:45:39', '2018-11-22 19:41:13', 72);
insert into video values ('2018-08-27 14:11:18', '2018-08-27 01:53:06', 77);
insert into video values ('2018-02-27 19:49:52', '2018-02-28 06:22:20', 78);
insert into video values ('2018-05-05 11:36:13', '2018-05-05 20:42:01', 78);
insert into video values ('2018-06-12 12:51:51', '2018-06-12 23:54:38', 78);
insert into video values ('2018-08-19 21:29:49', '2018-08-19 07:10:01', 78);
insert into video values ('2018-11-21 10:29:28', '2018-11-21 18:28:31', 79);
insert into video values ('2018-02-13 22:26:03', '2018-02-13 04:08:17', 80);
insert into video values ('2018-05-31 13:41:24', '2018-05-31 16:28:02', 80);
insert into video values ('2018-09-17 10:13:57', '2018-09-17 15:06:24', 80);
insert into video values ('2018-08-01 18:52:26', '2018-08-01 23:09:01', 81);
insert into video values ('2018-06-04 14:37:09', '2018-06-04 01:26:47', 81);
insert into video values ('2018-04-13 18:36:45', '2018-04-13 03:25:32', 81);
insert into video values ('2018-07-04 14:08:03', '2018-07-04 18:58:45', 82);
insert into video values ('2018-04-28 08:50:38', '2018-04-28 13:49:41', 82);
insert into video values ('2018-08-25 05:09:46', '2018-08-25 07:53:53', 82);
insert into video values ('2018-02-19 22:08:41', '2018-02-20 07:33:42', 82);
insert into video values ('2018-03-05 21:51:23', '2018-03-05 23:07:33', 83);
insert into video values ('2018-06-19 19:58:25', '2018-06-19 06:14:41', 84);
insert into video values ('2018-07-01 03:39:18', '2018-07-01 15:32:24', 84);
insert into video values ('2018-11-28 12:15:58', '2018-11-28 22:25:40', 84);
insert into video values ('2018-02-08 04:35:45', '2018-02-08 07:15:57', 84);
insert into video values ('2018-08-14 11:44:30', '2018-08-14 13:10:09', 85);
insert into video values ('2018-06-16 16:26:49', '2018-06-16 20:32:37', 85);
insert into video values ('2018-03-24 07:58:05', '2018-03-24 11:40:36', 86);
insert into video values ('2018-11-30 18:47:47', '2018-12-01 04:27:09', 86);
insert into video values ('2018-10-29 23:57:45', '2018-10-30 06:53:44', 87);
insert into video values ('2018-01-18 04:56:16', '2018-01-18 05:13:12', 87);
insert into video values ('2018-09-15 22:34:44', '2018-09-16 06:19:47', 89);
insert into video values ('2018-02-18 03:18:39', '2018-02-18 09:01:32', 89);
insert into video values ('2018-01-27 07:32:54', '2018-01-27 07:54:44', 89);
insert into video values ('2018-11-11 14:45:42', '2018-11-11 15:41:24', 90);
insert into video values ('2018-08-25 02:24:59', '2018-08-25 02:05:27', 90);
insert into video values ('2018-04-01 11:48:11', '2018-04-01 18:22:08', 90);
insert into video values ('2018-11-03 10:13:28', '2018-11-03 15:49:39', 91);
insert into video values ('2018-11-25 21:59:50', '2018-11-25 22:38:15', 92);
insert into video values ('2018-06-06 07:25:01', '2018-06-06 13:43:41', 92);
insert into video values ('2018-11-14 06:19:21', '2018-11-14 13:11:13', 93);
insert into video values ('2018-10-30 03:58:11', '2018-10-30 10:38:29', 93);
insert into video values ('2018-05-16 20:45:03', '2018-05-16 07:15:06', 93);
insert into video values ('2018-06-22 01:33:36', '2018-06-22 10:16:24', 93);
insert into video values ('2018-08-18 10:03:34', '2018-08-18 16:17:22', 94);
insert into video values ('2018-04-16 08:57:57', '2018-04-16 15:42:39', 94);
insert into video values ('2018-07-31 19:22:31', '2018-08-01 02:55:22', 94);
insert into video values ('2018-11-09 17:25:39', '2018-11-09 18:05:16', 94);
insert into video values ('2018-07-19 20:27:55', '2018-07-19 07:06:01', 95);
insert into video values ('2018-09-14 08:04:11', '2018-09-14 09:28:05', 95);
insert into video values ('2018-08-22 13:37:20', '2018-08-23 01:39:22', 95);
insert into video values ('2018-02-03 02:03:12', '2018-02-03 05:32:15', 95);
insert into video values ('2018-07-11 02:23:49', '2018-07-11 05:04:13', 96);
insert into video values ('2018-03-22 22:13:25', '2018-03-23 09:55:49', 96);
insert into video values ('2018-02-11 09:44:09', '2018-02-11 12:06:57', 96);
insert into video values ('2018-07-09 09:01:01', '2018-07-09 15:27:59', 97);
insert into video values ('2018-01-26 15:25:27', '2018-01-26 19:56:13', 97);
insert into video values ('2018-08-20 06:36:32', '2018-08-20 15:31:13', 97);
insert into video values ('2018-06-21 09:02:11', '2018-06-21 10:34:43', 98);
insert into video values ('2018-04-02 20:43:57', '2018-04-03 06:16:36', 98);


insert into segmentoVideo values (0, '08:04:14', '2018-07-06 06:22:09',0);
insert into segmentoVideo values (0, '06:47:05', '2018-01-09 04:02:08',0);
insert into segmentoVideo values (0, '02:21:29', '2018-06-11 21:53:45',0);
insert into segmentoVideo values (0, '05:34:05', '2018-04-25 20:53:28',1);
insert into segmentoVideo values (0, '04:41:21', '2018-06-15 15:51:02',1);
insert into segmentoVideo values (0, '11:09:45', '2018-03-11 17:55:47',2);
insert into segmentoVideo values (0, '07:31:20', '2018-06-07 10:31:46',2);
insert into segmentoVideo values (0, '11:49:15', '2018-10-20 09:28:36',2);
insert into segmentoVideo values (0, '09:14:21', '2018-11-10 02:05:52',3);
insert into segmentoVideo values (0, '06:38:06', '2018-08-11 10:46:49',3);
insert into segmentoVideo values (0, '04:22:38', '2018-04-05 05:08:38',4);
insert into segmentoVideo values (0, '09:32:58', '2018-07-15 23:08:24',4);
insert into segmentoVideo values (0, '08:24:22', '2018-07-29 03:03:08',4);
insert into segmentoVideo values (0, '05:52:54', '2018-11-15 14:36:37',4);
insert into segmentoVideo values (0, '03:06:48', '2018-05-19 17:18:57',5);
insert into segmentoVideo values (0, '03:12:38', '2018-11-30 04:55:15',6);
insert into segmentoVideo values (0, '05:49:21', '2018-01-27 16:39:13',7);
insert into segmentoVideo values (0, '11:25:11', '2018-10-22 11:34:16',7);
insert into segmentoVideo values (0, '06:16:19', '2018-10-29 07:51:41',8);
insert into segmentoVideo values (0, '08:42:03', '2018-03-18 10:45:35',8);
insert into segmentoVideo values (0, '09:23:15', '2018-05-29 01:38:21',8);
insert into segmentoVideo values (0, '06:33:01', '2018-11-09 01:41:47',10);
insert into segmentoVideo values (0, '10:41:28', '2018-11-10 16:34:12',10);
insert into segmentoVideo values (0, '06:40:38', '2018-08-27 10:05:46',10);
insert into segmentoVideo values (0, '09:20:18', '2018-08-05 18:22:16',10);
insert into segmentoVideo values (0, '06:26:03', '2018-01-29 20:17:09',11);
insert into segmentoVideo values (0, '01:24:02', '2018-10-30 08:15:34',11);
insert into segmentoVideo values (0, '04:22:44', '2018-03-23 12:26:19',12);
insert into segmentoVideo values (0, '07:16:57', '2018-06-08 18:57:04',12);
insert into segmentoVideo values (0, '01:23:47', '2018-03-11 19:57:44',12);
insert into segmentoVideo values (0, '09:01:22', '2018-02-20 17:28:40',12);
insert into segmentoVideo values (0, '11:41:59', '2018-08-12 09:26:50',13);
insert into segmentoVideo values (0, '11:59:59', '2018-02-11 20:21:22',13);
insert into segmentoVideo values (0, '05:41:45', '2018-09-17 11:08:18',13);
insert into segmentoVideo values (0, '02:08:33', '2018-10-28 14:18:39',13);
insert into segmentoVideo values (0, '05:11:34', '2018-10-11 05:08:14',14);
insert into segmentoVideo values (0, '06:01:03', '2018-01-30 20:35:35',15);
insert into segmentoVideo values (0, '05:25:42', '2018-01-05 18:24:13',15);
insert into segmentoVideo values (0, '11:09:08', '2018-07-04 06:15:26',16);
insert into segmentoVideo values (0, '11:43:06', '2018-02-07 11:11:28',16);
insert into segmentoVideo values (0, '06:05:52', '2018-08-13 13:09:52',17);
insert into segmentoVideo values (0, '04:20:35', '2018-11-16 20:55:32',17);
insert into segmentoVideo values (0, '03:13:12', '2018-06-17 03:11:52',17);
insert into segmentoVideo values (0, '03:57:21', '2018-06-30 03:57:04',18);
insert into segmentoVideo values (0, '03:38:39', '2018-03-23 03:55:49',21);
insert into segmentoVideo values (0, '04:41:48', '2018-08-22 20:38:10',21);
insert into segmentoVideo values (0, '05:19:28', '2018-01-27 23:38:07',21);
insert into segmentoVideo values (0, '06:25:18', '2018-03-26 17:56:01',21);
insert into segmentoVideo values (0, '01:10:14', '2018-10-28 11:51:19',22);
insert into segmentoVideo values (0, '06:42:06', '2018-05-09 12:34:25',22);
insert into segmentoVideo values (0, '04:35:17', '2018-10-20 04:47:21',22);
insert into segmentoVideo values (0, '05:03:44', '2018-04-04 14:13:25',23);
insert into segmentoVideo values (0, '05:15:10', '2018-02-15 21:03:39',24);
insert into segmentoVideo values (0, '01:19:43', '2018-05-06 08:55:08',26);
insert into segmentoVideo values (0, '01:29:03', '2018-05-18 20:59:49',26);
insert into segmentoVideo values (0, '12:25:21', '2018-10-07 03:38:30',26);
insert into segmentoVideo values (0, '11:34:50', '2018-11-03 13:04:40',26);
insert into segmentoVideo values (0, '06:01:03', '2018-11-29 01:34:57',28);
insert into segmentoVideo values (0, '01:13:42', '2018-02-10 10:31:35',28);
insert into segmentoVideo values (0, '06:44:42', '2018-03-12 02:12:38',30);
insert into segmentoVideo values (0, '02:45:15', '2018-10-10 11:08:24',31);
insert into segmentoVideo values (0, '05:21:21', '2018-01-27 15:21:54',31);
insert into segmentoVideo values (0, '09:16:55', '2018-11-13 10:36:30',31);
insert into segmentoVideo values (0, '09:08:01', '2018-03-27 19:16:08',31);
insert into segmentoVideo values (0, '10:44:17', '2018-04-22 22:52:29',32);
insert into segmentoVideo values (0, '03:39:11', '2018-07-20 04:43:03',35);
insert into segmentoVideo values (0, '05:24:11', '2018-02-27 10:07:04',35);
insert into segmentoVideo values (0, '07:56:03', '2018-08-20 23:34:20',36);
insert into segmentoVideo values (0, '09:47:54', '2018-09-11 07:26:20',36);
insert into segmentoVideo values (0, '01:24:56', '2018-08-06 18:03:48',37);
insert into segmentoVideo values (0, '10:44:46', '2018-08-27 06:41:14',37);
insert into segmentoVideo values (0, '07:45:19', '2018-08-29 04:59:48',37);
insert into segmentoVideo values (0, '04:13:29', '2018-03-07 08:54:08',38);
insert into segmentoVideo values (0, '08:28:04', '2018-06-28 09:55:57',38);
insert into segmentoVideo values (0, '09:03:14', '2018-01-02 15:35:15',39);
insert into segmentoVideo values (0, '04:48:55', '2018-05-27 22:45:59',39);
insert into segmentoVideo values (0, '04:49:18', '2018-04-26 13:51:20',39);
insert into segmentoVideo values (0, '09:19:54', '2018-02-07 04:15:21',39);
insert into segmentoVideo values (0, '06:03:35', '2018-02-09 07:24:25',40);
insert into segmentoVideo values (0, '02:08:41', '2018-11-07 05:35:51',40);
insert into segmentoVideo values (0, '02:28:06', '2018-03-11 21:49:42',40);
insert into segmentoVideo values (0, '03:57:01', '2018-02-07 08:25:30',41);
insert into segmentoVideo values (0, '01:50:52', '2018-06-10 19:58:32',41);
insert into segmentoVideo values (0, '03:53:19', '2018-08-08 01:33:12',42);
insert into segmentoVideo values (0, '04:46:01', '2018-01-26 12:09:34',42);
insert into segmentoVideo values (0, '07:22:33', '2018-11-12 18:52:31',42);
insert into segmentoVideo values (0, '03:20:34', '2018-03-16 19:31:37',43);
insert into segmentoVideo values (0, '05:55:07', '2018-05-08 02:03:20',43);
insert into segmentoVideo values (0, '09:49:06', '2018-11-07 17:18:04',43);
insert into segmentoVideo values (0, '08:08:02', '2018-09-19 23:32:51',45);
insert into segmentoVideo values (0, '02:36:46', '2018-04-04 15:06:31',45);
insert into segmentoVideo values (0, '09:22:58', '2018-07-06 13:13:04',45);
insert into segmentoVideo values (0, '03:28:41', '2018-03-10 19:39:09',45);
insert into segmentoVideo values (0, '07:15:51', '2018-08-24 06:09:01',46);
insert into segmentoVideo values (0, '09:44:19', '2018-02-08 07:34:52',46);
insert into segmentoVideo values (0, '08:42:35', '2018-07-09 05:51:01',47);
insert into segmentoVideo values (0, '06:10:03', '2018-03-23 02:51:55',47);
insert into segmentoVideo values (0, '10:31:22', '2018-07-23 18:31:21',47);
insert into segmentoVideo values (0, '11:05:27', '2018-09-22 03:10:52',48);
insert into segmentoVideo values (0, '06:38:55', '2018-03-29 11:19:35',48);
insert into segmentoVideo values (0, '10:26:36', '2018-06-27 17:02:56',48);
insert into segmentoVideo values (0, '05:42:41', '2018-05-01 19:14:20',49);
insert into segmentoVideo values (0, '09:07:15', '2018-02-08 07:33:16',50);
insert into segmentoVideo values (0, '05:53:59', '2018-04-23 19:54:41',50);
insert into segmentoVideo values (0, '11:18:15', '2018-05-06 15:13:38',50);
insert into segmentoVideo values (0, '06:13:06', '2018-10-31 01:41:23',51);
insert into segmentoVideo values (0, '05:08:57', '2018-11-29 18:19:38',51);
insert into segmentoVideo values (0, '07:43:31', '2018-07-10 13:37:40',51);
insert into segmentoVideo values (0, '05:53:45', '2018-07-14 05:02:51',51);
insert into segmentoVideo values (0, '11:06:48', '2018-07-22 16:01:52',52);
insert into segmentoVideo values (0, '09:35:24', '2018-10-10 15:40:29',52);
insert into segmentoVideo values (0, '08:49:49', '2018-04-03 15:52:05',52);
insert into segmentoVideo values (0, '04:51:52', '2018-10-10 23:35:25',52);
insert into segmentoVideo values (0, '08:57:17', '2018-06-04 11:42:05',53);
insert into segmentoVideo values (0, '01:35:18', '2018-11-04 11:20:25',53);
insert into segmentoVideo values (0, '01:03:43', '2018-05-11 09:54:13',53);
insert into segmentoVideo values (0, '03:28:32', '2018-10-21 15:27:17',53);
insert into segmentoVideo values (0, '10:15:53', '2018-04-30 21:52:15',55);
insert into segmentoVideo values (0, '09:58:38', '2018-04-26 17:09:47',56);
insert into segmentoVideo values (0, '04:18:31', '2018-07-23 13:33:42',56);
insert into segmentoVideo values (0, '09:25:50', '2018-09-22 15:34:06',56);
insert into segmentoVideo values (0, '02:11:12', '2018-03-31 08:34:09',56);
insert into segmentoVideo values (0, '03:20:49', '2018-07-19 14:52:29',57);
insert into segmentoVideo values (0, '10:30:02', '2018-08-21 12:46:05',59);
insert into segmentoVideo values (0, '04:07:31', '2018-07-20 17:42:21',61);
insert into segmentoVideo values (0, '08:11:31', '2018-05-29 14:48:01',61);
insert into segmentoVideo values (0, '03:32:51', '2018-01-04 07:30:18',62);
insert into segmentoVideo values (0, '01:16:54', '2018-07-20 05:11:32',62);
insert into segmentoVideo values (0, '06:34:47', '2018-09-20 08:27:28',62);
insert into segmentoVideo values (0, '09:42:41', '2018-09-28 23:19:42',64);
insert into segmentoVideo values (0, '10:44:44', '2018-03-31 18:57:18',67);
insert into segmentoVideo values (0, '03:38:42', '2018-04-19 03:25:55',67);
insert into segmentoVideo values (0, '07:28:54', '2018-08-08 18:18:22',68);
insert into segmentoVideo values (0, '07:39:15', '2018-03-14 21:51:57',68);
insert into segmentoVideo values (0, '06:26:01', '2018-05-03 21:29:29',68);
insert into segmentoVideo values (0, '07:29:45', '2018-11-16 06:31:14',68);
insert into segmentoVideo values (0, '02:38:05', '2018-08-20 19:28:24',69);
insert into segmentoVideo values (0, '11:36:29', '2018-06-13 12:16:28',69);
insert into segmentoVideo values (0, '11:16:42', '2018-10-10 06:55:14',69);
insert into segmentoVideo values (0, '05:20:52', '2018-08-10 21:41:01',70);
insert into segmentoVideo values (0, '08:45:03', '2018-01-11 21:09:06',70);
insert into segmentoVideo values (0, '05:16:50', '2018-09-19 20:13:39',71);
insert into segmentoVideo values (0, '07:07:56', '2018-06-28 02:55:58',71);
insert into segmentoVideo values (0, '11:05:54', '2018-05-12 18:24:36',71);
insert into segmentoVideo values (0, '02:30:41', '2018-10-26 10:15:25',71);
insert into segmentoVideo values (0, '08:08:30', '2018-09-05 21:57:35',72);
insert into segmentoVideo values (0, '01:24:42', '2018-06-16 21:19:31',72);
insert into segmentoVideo values (0, '05:31:36', '2018-11-07 05:42:02',72);
insert into segmentoVideo values (0, '07:54:33', '2018-11-22 12:45:39',72);
insert into segmentoVideo values (0, '10:42:47', '2018-08-27 14:11:18',77);
insert into segmentoVideo values (0, '10:32:28', '2018-02-27 19:49:52',78);
insert into segmentoVideo values (0, '10:06:47', '2018-05-05 11:36:13',78);
insert into segmentoVideo values (0, '12:03:45', '2018-06-12 12:51:51',78);
insert into segmentoVideo values (0, '09:40:11', '2018-08-19 21:29:49',78);
insert into segmentoVideo values (0, '08:59:03', '2018-11-21 10:29:28',79);
insert into segmentoVideo values (0, '05:41:14', '2018-02-13 22:26:03',80);
insert into segmentoVideo values (0, '03:46:37', '2018-05-31 13:41:24',80);
insert into segmentoVideo values (0, '06:51:26', '2018-09-17 10:13:57',80);
insert into segmentoVideo values (0, '05:16:34', '2018-08-01 18:52:26',81);
insert into segmentoVideo values (0, '10:48:38', '2018-06-04 14:37:09',81);
insert into segmentoVideo values (0, '08:47:47', '2018-04-13 18:36:45',81);
insert into segmentoVideo values (0, '04:51:42', '2018-07-04 14:08:03',82);
insert into segmentoVideo values (0, '05:59:03', '2018-04-28 08:50:38',82);
insert into segmentoVideo values (0, '03:45:08', '2018-08-25 05:09:46',82);
insert into segmentoVideo values (0, '09:26:01', '2018-02-19 22:08:41',82);
insert into segmentoVideo values (0, '03:15:11', '2018-03-05 21:51:23',83);
insert into segmentoVideo values (0, '10:16:16', '2018-06-19 19:58:25',84);
insert into segmentoVideo values (0, '11:52:06', '2018-07-01 03:39:18',84);
insert into segmentoVideo values (0, '10:11:42', '2018-11-28 12:15:58',84);
insert into segmentoVideo values (0, '03:40:12', '2018-02-08 04:35:45',84);
insert into segmentoVideo values (0, '02:25:38', '2018-08-14 11:44:30',85);
insert into segmentoVideo values (0, '05:06:48', '2018-06-16 16:26:49',85);
insert into segmentoVideo values (0, '05:42:32', '2018-03-24 07:58:05',86);
insert into segmentoVideo values (0, '09:39:22', '2018-11-30 18:47:47',86);
insert into segmentoVideo values (0, '06:55:59', '2018-10-29 23:57:45',87);
insert into segmentoVideo values (0, '01:16:55', '2018-01-18 04:56:16',87);
insert into segmentoVideo values (0, '07:45:03', '2018-09-15 22:34:44',89);
insert into segmentoVideo values (0, '06:41:51', '2018-02-18 03:18:39',89);
insert into segmentoVideo values (0, '01:22:48', '2018-01-27 07:32:54',89);
insert into segmentoVideo values (0, '01:55:42', '2018-11-11 14:45:42',90);
insert into segmentoVideo values (0, '01:40:27', '2018-08-25 02:24:59',90);
insert into segmentoVideo values (0, '08:33:56', '2018-04-01 11:48:11',90);
insert into segmentoVideo values (0, '06:36:11', '2018-11-03 10:13:28',91);
insert into segmentoVideo values (0, '02:38:24', '2018-11-25 21:59:50',92);
insert into segmentoVideo values (0, '06:19:41', '2018-06-06 07:25:01',92);
insert into segmentoVideo values (0, '07:51:52', '2018-11-14 06:19:21',93);
insert into segmentoVideo values (0, '07:39:18', '2018-10-30 03:58:11',93);
insert into segmentoVideo values (0, '10:29:03', '2018-05-16 20:45:03',93);
insert into segmentoVideo values (0, '10:42:47', '2018-06-22 01:33:36',93);
insert into segmentoVideo values (0, '06:14:47', '2018-08-18 10:03:34',94);
insert into segmentoVideo values (0, '08:45:42', '2018-04-16 08:57:57',94);
insert into segmentoVideo values (0, '06:34:51', '2018-07-31 19:22:31',94);
insert into segmentoVideo values (0, '01:38:37', '2018-11-09 17:25:39',94);
insert into segmentoVideo values (0, '11:38:05', '2018-07-19 20:27:55',95);
insert into segmentoVideo values (0, '01:24:52', '2018-09-14 08:04:11',95);
insert into segmentoVideo values (0, '12:03:03', '2018-08-22 13:37:20',95);
insert into segmentoVideo values (0, '03:29:03', '2018-02-03 02:03:12',95);
insert into segmentoVideo values (0, '03:40:23', '2018-07-11 02:23:49',96);
insert into segmentoVideo values (0, '11:42:24', '2018-03-22 22:13:25',96);
insert into segmentoVideo values (0, '03:22:48', '2018-02-11 09:44:09',96);
insert into segmentoVideo values (0, '06:26:58', '2018-07-09 09:01:01',97);
insert into segmentoVideo values (0, '04:31:45', '2018-01-26 15:25:27',97);
insert into segmentoVideo values (0, '09:54:41', '2018-08-20 06:36:32',97);
insert into segmentoVideo values (0, '02:32:33', '2018-06-21 09:02:11',98);
insert into segmentoVideo values (0, '09:32:39', '2018-04-02 20:43:57',98);


insert into local values ('Aldeia (Agucadoura)');
insert into local values ('Luilhas');
insert into local values ('Aguias (Brotas)');
insert into local values ('Casalinho (Fatima)');
insert into local values ('Casas Novas (Sintra)');
insert into local values ('Cacinheira');
insert into local values ('Bouca');
insert into local values ('Baldoia)');
insert into local values ('Moita Redonda');
insert into local values ('Casal da Rola');
insert into local values ('Busano (Cascais)');
insert into local values ('Casalinho');
insert into local values ('Cova do Vapor');
insert into local values ('Ancos (Montelavar)');
insert into local values ('Casal do Queijo');
insert into local values ('Ordem (Povoa de Varzim)');
insert into local values ('Manique de Baixo');
insert into local values ('Granho Novo');
insert into local values ('Moita do Boi');
insert into local values ('Caxieira');
insert into local values ('Oliveira do Hospital');
insert into local values ('Matas do Lourical');
insert into local values ('Matos da Vila');
insert into local values ('Alcorriol');
insert into local values ('Brunhido');
insert into local values ('Alcanica');
insert into local values ('Mau Verde');
insert into local values ('Casa Velha (Fatima)');
insert into local values ('Agra (Amorim)');
insert into local values ('Azedia');
insert into local values ('Mem Martins');
insert into local values ('Miratejo');
insert into local values ('Maxieira');
insert into local values ('Esperanca (Ourem)');
insert into local values ('Estrada (Povoa de Varzim)');
insert into local values ('Gestrins');
insert into local values ('Casais de Alem');
insert into local values ('Monchique');
insert into local values ('Lugar da Pinta');
insert into local values ('Crasto (Povoa de Varzim)');
insert into local values ('Lourel');
insert into local values ('Machuqueiras');
insert into local values ('Cavadas');
insert into local values ('Alveijar (Fatima)');
insert into local values ('Amoreirinha');
insert into local values ('Moimento (Fatima)');
insert into local values ('Aldeia Grande');
insert into local values ('Cova da Iria');
insert into local values ('Carregosa (Povoa de Varzim)');
insert into local values ('Azoia (Sesimbra)');
insert into local values ('Granja de Alpriate');
insert into local values ('Espadelos');
insert into local values ('Cavaditas');
insert into local values ('Aguas Ferreas (Povoa de Varzim)');
insert into local values ('Amoreira Cimeira');
insert into local values ('Carvoeiro (Pampilhosa da Serra)');
insert into local values ('Fontainhas (Amorim)');
insert into local values ('Castanheira (Cos)');
insert into local values ('Foz da Serta');
insert into local values ('Assequins');
insert into local values ('Casal Resoneiro');
insert into local values ('Cuteres');
insert into local values ('Cabeda');
insert into local values ('Gozundeira');
insert into local values ('Abas da Raposeira');
insert into local values ('Algueirao');
insert into local values ('Estanganhola');
insert into local values ('Covilha (Povoa de Varzim)');
insert into local values ('Calves');
insert into local values ('Abadia de Bouro');
insert into local values ('Caturela');
insert into local values ('Mandim');
insert into local values ('Funchalinho');
insert into local values ('Foros de Amora');
insert into local values ('Caminho Largo');
insert into local values ('Muleneta');
insert into local values ('Montelo (Fatima)');
insert into local values ('Casais Brancos (Atouguia da Baleia)');
insert into local values ('Castelo Picao');
insert into local values ('Foitos');
insert into local values ('Foros da Catrapona');
insert into local values ('Fujaco');
insert into local values ('Enxaminhos');
insert into local values ('Cruz de Pau');
insert into local values ('Amorim de Cima');
insert into local values ('Granja do Marquês');
insert into local values ('Melecas');
insert into local values ('Bolfiar');
insert into local values ('Mourilhe (Povoa de Varzim)');
insert into local values ('Calvario (Povoa de Varzim)');
insert into local values ('Casal Mouro');
insert into local values ('Amoreira (Fatima)');
insert into local values ('Frinjo');
insert into local values ('Espinhal (Povoa de Varzim)');
insert into local values ('Alem (Povoa de Varzim)');
insert into local values ('Lomba (Fatima)');
insert into local values ('Granjeiro (Agucadoura)');
insert into local values ('Antoes');
insert into local values ('Gesta (Freguesia de Oia)');
insert into local values ('Cruz (Povoa de Varzim)');
insert into local values ('Cabreira (Povoa de Varzim)');
insert into local values ('Eira da Pedra');
insert into local values ('Amoreira Fundeira');
insert into local values ('Mercês (Rio de Mouro)');
insert into local values ('Bustelo (Oliveira de Azemeis)');
insert into local values ('Mamua');
insert into local values ('Lacoes');
insert into local values ('Lousadelo');
insert into local values ('Castelhanas');
insert into local values ('Casais das Comeiras');
insert into local values ('Borda do Rio');
insert into local values ('Balancho');
insert into local values ('Cadilhe');
insert into local values ('Giesteira (Fatima)');
insert into local values ('Fontainha');
insert into local values ('Mogos');
insert into local values ('Burgada');
insert into local values ('Fomega');
insert into local values ('Avis');
insert into local values ('Lugar da Foz');
insert into local values ('Aires (Setubal)');
insert into local values ('Malveira da Serra');
insert into local values ('Castro de Nossa Senhora da Confianca');
insert into local values ('Aldeia (Amorim)');
insert into local values ('Casas Brancas');
insert into local values ('Maria Vinagre');
insert into local values ('Cruz Quebrada');
insert into local values ('Bairro de Almodena');
insert into local values ('Laundos (Povoa de Varzim)');
insert into local values ('Areosa (Agucadoura)');
insert into local values ('Fraiao (Povoa de Varzim)');


insert into vigia values ('Ancos (Montelavar)', 3);
insert into vigia values ('Mercês (Rio de Mouro)', 82);
insert into vigia values ('Caxieira', 9);
insert into vigia values ('Miratejo', 83);
insert into vigia values ('Espinhal (Povoa de Varzim)', 8);
insert into vigia values ('Gesta (Freguesia de Oia)', 63);
insert into vigia values ('Bairro de Almodena', 72);
insert into vigia values ('Amoreirinha', 85);
insert into vigia values ('Brunhido', 27);
insert into vigia values ('Azedia', 23);
insert into vigia values ('Caturela', 41);
insert into vigia values ('Aldeia (Amorim)', 21);
insert into vigia values ('Alveijar (Fatima)', 36);
insert into vigia values ('Amoreira (Fatima)', 67);
insert into vigia values ('Enxaminhos', 91);
insert into vigia values ('Aires (Setubal)', 90);
insert into vigia values ('Monchique', 18);
insert into vigia values ('Oliveira do Hospital', 61);
insert into vigia values ('Baldoia)', 53);
insert into vigia values ('Foros da Catrapona', 24);
insert into vigia values ('Fraiao (Povoa de Varzim)', 71);
insert into vigia values ('Casalinho (Fatima)', 7);
insert into vigia values ('Gestrins', 54);
insert into vigia values ('Agra (Amorim)', 99);
insert into vigia values ('Estrada (Povoa de Varzim)', 45);
insert into vigia values ('Bustelo (Oliveira de Azemeis)', 77);
insert into vigia values ('Busano (Cascais)', 66);
insert into vigia values ('Casal do Queijo', 69);
insert into vigia values ('Granja de Alpriate', 33);
insert into vigia values ('Monchique', 25);
insert into vigia values ('Giesteira (Fatima)', 11);
insert into vigia values ('Cova do Vapor', 6);
insert into vigia values ('Moita Redonda', 14);
insert into vigia values ('Alcanica', 15);
insert into vigia values ('Mogos', 97);
insert into vigia values ('Lugar da Foz', 48);
insert into vigia values ('Manique de Baixo', 49);
insert into vigia values ('Aguas Ferreas (Povoa de Varzim)', 93);
insert into vigia values ('Calves', 50);
insert into vigia values ('Cadilhe', 92);
insert into vigia values ('Avis', 43);
insert into vigia values ('Covilha (Povoa de Varzim)', 34);
insert into vigia values ('Esperanca (Ourem)', 22);
insert into vigia values ('Melecas', 51);
insert into vigia values ('Cova da Iria', 28);
insert into vigia values ('Cavaditas', 20);
insert into vigia values ('Casal da Rola', 79);
insert into vigia values ('Cabeda', 89);
insert into vigia values ('Bolfiar', 37);
insert into vigia values ('Foz da Serta', 52);
insert into vigia values ('Castro de Nossa Senhora da Confianca', 17);
insert into vigia values ('Laundos (Povoa de Varzim)', 80);
insert into vigia values ('Assequins', 5);
insert into vigia values ('Castelo Picao', 46);
insert into vigia values ('Granho Novo', 59);
insert into vigia values ('Casas Brancas', 47);
insert into vigia values ('Antoes', 55);
insert into vigia values ('Aldeia Grande', 86);
insert into vigia values ('Oliveira do Hospital', 95);
insert into vigia values ('Monchique', 74);
insert into vigia values ('Monchique', 81);
insert into vigia values ('Oliveira do Hospital', 31);
insert into vigia values ('Machuqueiras', 4);
insert into vigia values ('Fontainha', 40);
insert into vigia values ('Alem (Povoa de Varzim)', 65);
insert into vigia values ('Gozundeira', 16);
insert into vigia values ('Abadia de Bouro', 94);
insert into vigia values ('Cruz (Povoa de Varzim)', 38);
insert into vigia values ('Fontainhas (Amorim)', 19);
insert into vigia values ('Ordem (Povoa de Varzim)', 58);
insert into vigia values ('Carregosa (Povoa de Varzim)', 57);
insert into vigia values ('Casal Mouro', 10);
insert into vigia values ('Castelhanas', 2);
insert into vigia values ('Bouca', 76);
insert into vigia values ('Fujaco', 39);
insert into vigia values ('Castanheira (Cos)', 56);
insert into vigia values ('Amoreira Cimeira', 1);
insert into vigia values ('Aldeia (Agucadoura)', 96);
insert into vigia values ('Carvoeiro (Pampilhosa da Serra)', 32);
insert into vigia values ('Foitos', 44);
insert into vigia values ('Cabreira (Povoa de Varzim)', 98);
insert into vigia values ('Moimento (Fatima)', 62);
insert into vigia values ('Foros de Amora', 60);
insert into vigia values ('Lousadelo', 42);
insert into vigia values ('Balancho', 26);
insert into vigia values ('Calvario (Povoa de Varzim)', 84);
insert into vigia values ('Caminho Largo', 88);
insert into vigia values ('Areosa (Agucadoura)', 29);
insert into vigia values ('Cuteres', 78);
insert into vigia values ('Espadelos', 35);
insert into vigia values ('Eira da Pedra', 87);
insert into vigia values ('Algueirao', 70);
insert into vigia values ('Casas Novas (Sintra)', 0);
insert into vigia values ('Granjeiro (Agucadoura)', 73);
insert into vigia values ('Casais das Comeiras', 30);
insert into vigia values ('Maxieira', 68);
insert into vigia values ('Monchique', 75);
insert into vigia values ('Monchique', 64);
insert into vigia values ('Cacinheira', 12);
insert into vigia values ('Moita do Boi', 13);
insert into vigia values ('Cavadas', 41);
insert into vigia values ('Azoia (Sesimbra)', 44);
insert into vigia values ('Lugar da Pinta', 5);
insert into vigia values ('Malveira da Serra', 9);
insert into vigia values ('Matas do Lourical', 13);
insert into vigia values ('Casal Resoneiro', 10);
insert into vigia values ('Borda do Rio', 84);
insert into vigia values ('Mamua', 56);
insert into vigia values ('Funchalinho', 43);
insert into vigia values ('Lourel', 70);
insert into vigia values ('Maria Vinagre', 37);
insert into vigia values ('Cruz de Pau', 12);
insert into vigia values ('Estanganhola', 30);
insert into vigia values ('Matos da Vila', 3);
insert into vigia values ('Granja do Marquês', 33);
insert into vigia values ('Mau Verde', 39);
insert into vigia values ('Lomba (Fatima)', 67);
insert into vigia values ('Frinjo', 77);
insert into vigia values ('Oliveira do Hospital', 32);
insert into vigia values ('Luilhas', 14);
insert into vigia values ('Fomega', 76);
insert into vigia values ('Aguias (Brotas)', 86);
insert into vigia values ('Mem Martins', 52);
insert into vigia values ('Amorim de Cima', 74);
insert into vigia values ('Lacoes', 93);
insert into vigia values ('Muleneta', 73);
insert into vigia values ('Crasto (Povoa de Varzim)', 31);
insert into vigia values ('Casais Brancos (Atouguia da Baleia)', 27);
insert into vigia values ('Burgada', 46);
insert into vigia values ('Montelo (Fatima)', 8);
insert into vigia values ('Casa Velha (Fatima)', 72);
insert into vigia values ('Amoreira Fundeira', 96);
insert into vigia values ('Casais de Alem', 22);
insert into vigia values ('Cruz Quebrada', 47);
insert into vigia values ('Abas da Raposeira', 62);
insert into vigia values ('Mourilhe (Povoa de Varzim)', 59);
insert into vigia values ('Casalinho', 11);
insert into vigia values ('Alcorriol', 1);
insert into vigia values ('Mandim', 65);


insert into processoSocorro values (0);
insert into processoSocorro values (399677414);
insert into processoSocorro values (662605851);
insert into processoSocorro values (76587369);
insert into processoSocorro values (468460932);
insert into processoSocorro values (558218702);
insert into processoSocorro values (224268497);
insert into processoSocorro values (314438324);
insert into processoSocorro values (984963730);
insert into processoSocorro values (717168102);
insert into processoSocorro values (438973086);
insert into processoSocorro values (396536428);
insert into processoSocorro values (564992759);
insert into processoSocorro values (401345034);
insert into processoSocorro values (978403889);
insert into processoSocorro values (755203792);
insert into processoSocorro values (378101956);
insert into processoSocorro values (412983708);
insert into processoSocorro values (593843152);
insert into processoSocorro values (285313448);
insert into processoSocorro values (562449087);
insert into processoSocorro values (921614100);
insert into processoSocorro values (2606583);
insert into processoSocorro values (923005895);
insert into processoSocorro values (21260854);
insert into processoSocorro values (8614261);
insert into processoSocorro values (265893702);
insert into processoSocorro values (131811842);
insert into processoSocorro values (630755165);
insert into processoSocorro values (944207168);
insert into processoSocorro values (125775810);
insert into processoSocorro values (621109468);
insert into processoSocorro values (868741836);
insert into processoSocorro values (716953607);
insert into processoSocorro values (45161274);
insert into processoSocorro values (942251540);
insert into processoSocorro values (640910917);
insert into processoSocorro values (767839718);
insert into processoSocorro values (940725801);
insert into processoSocorro values (991431293);
insert into processoSocorro values (802085280);
insert into processoSocorro values (690565434);
insert into processoSocorro values (424271080);
insert into processoSocorro values (31459635);
insert into processoSocorro values (165880114);
insert into processoSocorro values (511609329);
insert into processoSocorro values (155807370);
insert into processoSocorro values (687922731);
insert into processoSocorro values (947531218);
insert into processoSocorro values (737821337);
insert into processoSocorro values (355667045);
insert into processoSocorro values (952900828);
insert into processoSocorro values (804218737);
insert into processoSocorro values (658323046);
insert into processoSocorro values (729579274);
insert into processoSocorro values (232411204);
insert into processoSocorro values (578254328);
insert into processoSocorro values (836833412);
insert into processoSocorro values (66948638);
insert into processoSocorro values (658611114);
insert into processoSocorro values (487219788);
insert into processoSocorro values (884721086);
insert into processoSocorro values (968149996);
insert into processoSocorro values (863384463);
insert into processoSocorro values (766172800);
insert into processoSocorro values (657599449);
insert into processoSocorro values (333679782);
insert into processoSocorro values (301967173);
insert into processoSocorro values (252770030);
insert into processoSocorro values (494739592);
insert into processoSocorro values (447767975);
insert into processoSocorro values (837349919);
insert into processoSocorro values (145793443);
insert into processoSocorro values (835629855);
insert into processoSocorro values (227816469);
insert into processoSocorro values (173690075);
insert into processoSocorro values (42460152);
insert into processoSocorro values (776961531);
insert into processoSocorro values (994395702);
insert into processoSocorro values (732809155);
insert into processoSocorro values (449276951);
insert into processoSocorro values (272169727);
insert into processoSocorro values (352604639);
insert into processoSocorro values (822586904);
insert into processoSocorro values (998996435);
insert into processoSocorro values (976056163);
insert into processoSocorro values (821239543);
insert into processoSocorro values (213739906);
insert into processoSocorro values (343933153);
insert into processoSocorro values (331487154);
insert into processoSocorro values (538993368);
insert into processoSocorro values (616884671);
insert into processoSocorro values (807972887);
insert into processoSocorro values (956746310);
insert into processoSocorro values (743368595);
insert into processoSocorro values (197403536);
insert into processoSocorro values (306157543);
insert into processoSocorro values (815513741);
insert into processoSocorro values (750543034);
insert into processoSocorro values (514304891);
insert into processoSocorro values (175072300);


insert into eventoEmergencia values (962277729, '2018-06-10 04:38:48', 'Leonardo Fonte', 'Casal Mouro', 947531218);
insert into eventoEmergencia values (933745749, '2018-07-16 20:40:18', 'Debora Tavares', 'Frinjo', null);
insert into eventoEmergencia values (912957721, '2018-11-22 04:50:35', 'Danilo Henriques', 'Castro de Nossa Senhora da Confianca', 994395702);
insert into eventoEmergencia values (215649931, '2018-03-03 12:25:05', 'Soraia Domingues', 'Oliveira do Hospital', 197403536);
insert into eventoEmergencia values (912628466, '2018-01-21 03:42:11', 'Matilde Pimenta', 'Foitos', 807972887);
insert into eventoEmergencia values (933836718, '2018-11-19 04:10:55', 'Margarida Barros', 'Casas Novas (Sintra)', 66948638);
insert into eventoEmergencia values (932933477, '2018-08-16 03:31:50', 'Patricia Vicente', 'Castelo Picao', 687922731);
insert into eventoEmergencia values (915753286, '2018-10-20 04:49:06', 'Fernanda Cunha', 'Cruz de Pau', 923005895);
insert into eventoEmergencia values (966220957, '2018-09-15 02:21:15', 'Carlota Abelho', 'Manique de Baixo', 657599449);
insert into eventoEmergencia values (912911978, '2018-07-19 21:09:38', 'Nicole Caldeira', 'Laundos (Povoa de Varzim)', 732809155);
insert into eventoEmergencia values (931487480, '2018-03-05 12:08:52', 'Benjamim Rebelo', 'Aldeia Grande', null);
insert into eventoEmergencia values (911298233, '2018-05-02 12:01:10', 'Guilherme Nogueira', 'Casas Brancas', 538993368);
insert into eventoEmergencia values (212039431, '2018-05-26 13:08:25', 'Carolina Domingues', 'Amoreira Fundeira', 42460152);
insert into eventoEmergencia values (966568067, '2018-03-16 02:54:49', 'Andre Guterres', 'Castelo Picao', 173690075);
insert into eventoEmergencia values (916847898, '2018-07-07 17:47:36', 'Mafalda Belmonte', 'Ordem (Povoa de Varzim)', 729579274);
insert into eventoEmergencia values (912628466, '2018-03-27 12:54:06', 'Jose Silva', 'Foros da Catrapona', 401345034);
insert into eventoEmergencia values (916186375, '2018-06-27 03:36:51', 'Goncalo Teixeira', 'Alcorriol', 976056163);
insert into eventoEmergencia values (919018928, '2018-02-09 16:25:35', 'Andre Martins', 'Cavaditas', 716953607);
insert into eventoEmergencia values (216995880, '2018-10-09 20:20:34', 'Artur Prada', 'Bolfiar', 717168102);
insert into eventoEmergencia values (216417399, '2018-06-21 18:41:09', 'Edgar Neto', 'Foitos', 621109468);
insert into eventoEmergencia values (912629704, '2018-10-08 08:54:41', 'Carlota Moura', 'Eira da Pedra', 21260854);
insert into eventoEmergencia values (216696162, '2018-01-29 01:25:55', 'David Marques', 'Oliveira do Hospital', 662605851);
insert into eventoEmergencia values (215539087, '2018-08-03 03:47:25', 'Carlota Rocha', 'Muleneta', 468460932);
insert into eventoEmergencia values (939360380, '2018-03-19 11:51:28', 'Vanessa Vaz', 'Maria Vinagre', 272169727);
insert into eventoEmergencia values (215837456, '2018-02-16 17:30:34', 'Hugo Cardoso', 'Borda do Rio', 155807370);
insert into eventoEmergencia values (932933477, '2018-01-21 06:22:06', 'Carla Caneira', 'Lacoes', 822586904);
insert into eventoEmergencia values (215392277, '2018-03-19 11:51:28', 'Ivo Horta', 'Foros da Catrapona', 232411204);
insert into eventoEmergencia values (965059878, '2018-02-24 12:38:46', 'William Nascimento', 'Lourel', 998996435);
insert into eventoEmergencia values (935450975, '2018-04-17 04:41:34', 'Guilherme Jesus', 'Casas Brancas', 640910917);
insert into eventoEmergencia values (211863574, '2018-08-11 01:03:52', 'Lia Novais', 'Amorim de Cima', 352604639);
insert into eventoEmergencia values (216996789, '2018-09-13 23:28:31', 'Anabela Feio', 'Baldoia)', 355667045);
insert into eventoEmergencia values (912957721, '2018-08-21 20:03:34', 'Emanuel Gaspar', 'Casa Velha (Fatima)', 968149996);
insert into eventoEmergencia values (963566475, '2018-01-16 03:07:36', 'Carminho Paralta', 'Monchique', 213739906);
insert into eventoEmergencia values (914214045, '2018-01-01 14:05:30', 'Benedita Simoes', 'Gesta (Freguesia de Oia)', 630755165);
insert into eventoEmergencia values (934969482, '2018-09-22 12:38:05', 'Andre Oliveira', 'Areosa (Agucadoura)', 743368595);
insert into eventoEmergencia values (215387415, '2018-11-04 03:25:22', 'Carolina Paralta', 'Castro de Nossa Senhora da Confianca', 343933153);
insert into eventoEmergencia values (911664213, '2018-09-14 07:47:19', 'Sandro Avelar', 'Fomega', 564992759);
insert into eventoEmergencia values (919851314, '2018-02-25 09:55:15', 'Martim Martins', 'Granho Novo', null);
insert into eventoEmergencia values (214238471, '2018-07-03 20:08:25', 'Sandro Patricio', 'Castelo Picao', 306157543);
insert into eventoEmergencia values (919329384, '2018-11-17 16:13:30', 'William Cardoso', 'Brunhido', 942251540);
insert into eventoEmergencia values (969424965, '2018-11-16 21:10:02', 'Rodrigo Albano', 'Aguias (Brotas)', 412983708);
insert into eventoEmergencia values (965059878, '2018-07-21 02:38:31', 'Helena Palhoto', 'Foitos', 494739592);
insert into eventoEmergencia values (918842855, '2018-08-14 03:33:50', 'Sebastiao Felix', 'Burgada', 131811842);
insert into eventoEmergencia values (917805870, '2018-03-01 02:45:33', 'Sebastiao Bernardo', 'Granjeiro (Agucadoura)', 165880114);
insert into eventoEmergencia values (917197960, '2018-10-10 07:52:11', 'Olivia Barata', 'Mandim', 8614261);
insert into eventoEmergencia values (919945802, '2018-02-24 12:38:46', 'Aurea Torres', 'Foz da Serta', 956746310);
insert into eventoEmergencia values (915108412, '2018-06-10 12:12:13', 'Bernardo Ferreira', 'Ancos (Montelavar)', 438973086);
insert into eventoEmergencia values (916462319, '2018-11-23 22:13:21', 'Alexandra Prada', 'Oliveira do Hospital', 301967173);
insert into eventoEmergencia values (911560250, '2018-08-02 16:37:46', 'Alexandre Araujo', 'Esperanca (Ourem)', 821239543);
insert into eventoEmergencia values (964407359, '2018-07-31 01:01:37', 'Luisa Mota', 'Fraiao (Povoa de Varzim)', 776961531);
insert into eventoEmergencia values (918025235, '2018-02-01 13:58:05', 'Carlos Jorge', 'Monchique', 514304891);
insert into eventoEmergencia values (962277729, '2018-02-28 17:03:41', 'Luis Valente', 'Aguias (Brotas)', 145793443);
insert into eventoEmergencia values (964230061, '2018-07-04 17:42:11', 'Teresa Amaral', 'Castro de Nossa Senhora da Confianca', 750543034);
insert into eventoEmergencia values (963540199, '2018-10-18 14:21:03', 'Margarida Carvalho', 'Gozundeira', 399677414);
insert into eventoEmergencia values (961114327, '2018-09-23 09:05:36', 'Helena Borges', 'Foz da Serta', 593843152);
insert into eventoEmergencia values (911653900, '2018-09-19 15:18:08', 'Filipe Cruz', 'Moita do Boi', 984963730);
insert into eventoEmergencia values (212749716, '2018-03-18 19:04:04', 'Mario Belmonte', 'Cruz Quebrada', 558218702);
insert into eventoEmergencia values (219110211, '2018-06-17 10:51:28', 'Elisabete Marques', 'Casal Resoneiro', 921614100);
insert into eventoEmergencia values (916829262, '2018-07-16 20:40:18', 'Irina Guedes', 'Oliveira do Hospital', 2606583);
insert into eventoEmergencia values (969449422, '2018-11-27 01:30:30', 'Ruben Mario', 'Foros de Amora', 802085280);
insert into eventoEmergencia values (933745749, '2018-03-09 15:28:39', 'Carminho Jesus', 'Casal Resoneiro', 396536428);
insert into eventoEmergencia values (217767285, '2018-04-20 07:05:47', 'Guilherme Correia', 'Abas da Raposeira', 690565434);
insert into eventoEmergencia values (914214045, '2018-04-07 14:24:38', 'Ricardo Borges', 'Aldeia (Amorim)', 449276951);
insert into eventoEmergencia values (917566764, '2018-08-22 19:57:36', 'Joaquim Frietas', 'Casalinho', 868741836);
insert into eventoEmergencia values (938170193, '2018-02-24 12:38:46', 'Salvador Branco', 'Foros da Catrapona', 45161274);
insert into eventoEmergencia values (919329384, '2018-09-28 21:26:59', 'Pedro Rebelo', 'Laundos (Povoa de Varzim)', 333679782);
insert into eventoEmergencia values (914452613, '2018-08-30 18:46:19', 'Lara Barros', 'Cavadas', 331487154);
insert into eventoEmergencia values (961114327, '2018-04-07 10:51:21', 'Marisa Rebelo', 'Mourilhe (Povoa de Varzim)', 978403889);
insert into eventoEmergencia values (963540199, '2018-07-31 01:01:37', 'Luis Nunes', 'Estrada (Povoa de Varzim)', 737821337);
insert into eventoEmergencia values (911955602, '2018-08-24 10:42:34', 'Raul Gil', 'Agra (Amorim)', null);
insert into eventoEmergencia values (216613193, '2018-04-01 14:20:20', 'Afonso Nogueira', 'Estrada (Povoa de Varzim)', null);
insert into eventoEmergencia values (937048144, '2018-04-17 04:41:34', 'Vera Machado', 'Castanheira (Cos)', 224268497);
insert into eventoEmergencia values (939360380, '2018-08-14 06:18:25', 'Anabela Pinto', 'Aldeia (Amorim)', 616884671);
insert into eventoEmergencia values (212039431, '2018-10-27 02:57:08', 'Raquel Soares', 'Antoes', 125775810);
insert into eventoEmergencia values (217385955, '2018-02-14 19:24:15', 'Teresa Fonte', 'Matos da Vila', 755203792);
insert into eventoEmergencia values (937048144, '2018-03-20 07:03:11', 'Emanuel Torres', 'Amoreira Cimeira', 836833412);
insert into eventoEmergencia values (916829262, '2018-02-25 09:55:15', 'Vanessa Antunes', 'Amoreira (Fatima)', 175072300);
insert into eventoEmergencia values (917204169, '2018-01-29 01:25:55', 'Sergio Cunha', 'Cacinheira', 578254328);
insert into eventoEmergencia values (919831959, '2018-01-28 03:19:38', 'Benedita Santos', 'Granjeiro (Agucadoura)', 766172800);
insert into eventoEmergencia values (912628466, '2018-09-26 07:52:41', 'Duarte Horta', 'Amorim de Cima', 952900828);
insert into eventoEmergencia values (919520442, '2018-04-17 04:41:34', 'Carmo Saramago', 'Alcorriol', 884721086);
insert into eventoEmergencia values (212463636, '2018-05-08 03:13:33', 'Gloria Fonseca', 'Amoreira Fundeira', 658611114);
insert into eventoEmergencia values (215539087, '2018-03-03 12:25:05', 'Alexandra Almeida', 'Casalinho', 314438324);
insert into eventoEmergencia values (936439328, '2018-11-12 12:01:22', 'Rafaela Pinho', 'Cruz Quebrada', 991431293);
insert into eventoEmergencia values (963731297, '2018-06-25 04:17:02', 'Fernanda Caetano', 'Calvario (Povoa de Varzim)', 252770030);
insert into eventoEmergencia values (966535661, '2018-10-13 06:15:22', 'Marisa Monteiro', 'Matas do Lourical', 940725801);
insert into eventoEmergencia values (214527307, '2018-06-21 18:41:09', 'Palmira Ramos', 'Bolfiar', 562449087);
insert into eventoEmergencia values (961114327, '2018-04-25 20:52:41', 'Guilherme Osorio', 'Manique de Baixo', 76587369);
insert into eventoEmergencia values (916652329, '2018-10-08 08:54:41', 'Constanca Gomes', 'Amorim de Cima', 863384463);
insert into eventoEmergencia values (934942137, '2018-02-06 16:12:45', 'Bernardo Caetano', 'Casalinho', 265893702);
insert into eventoEmergencia values (919831959, '2018-06-02 20:03:03', 'Ricardo Neto', 'Crasto (Povoa de Varzim)', 837349919);
insert into eventoEmergencia values (967606111, '2018-01-18 19:28:22', 'Carolina Mota', 'Foros da Catrapona', 511609329);
insert into eventoEmergencia values (963566475, '2018-03-18 15:55:42', 'Constanca Semedo', 'Caturela', 378101956);
insert into eventoEmergencia values (918197475, '2018-03-04 01:32:53', 'Clara Amorim', 'Borda do Rio', 767839718);
insert into eventoEmergencia values (915753286, '2018-09-04 22:01:46', 'Isabela Oliveira', 'Cova da Iria', 447767975);
insert into eventoEmergencia values (915108412, '2018-05-19 08:12:44', 'Renata Costa', 'Foros de Amora', 835629855);
insert into eventoEmergencia values (915565491, '2018-04-20 07:05:47', 'Liliana Melo', 'Enxaminhos', 285313448);
insert into eventoEmergencia values (937171857, '2018-06-02 15:42:49', 'Diana Reis', 'Giesteira (Fatima)', 658323046);
insert into eventoEmergencia values (961114327, '2018-06-26 05:11:40', 'Sara Lopes', 'Aldeia (Amorim)', 487219788);
insert into eventoEmergencia values (912911978, '2018-08-02 09:01:30', 'Jose Loureiro', 'Aldeia (Agucadoura)', 944207168);
insert into eventoEmergencia values (937476474, '2018-07-04 14:03:31', 'Liliana Guterres', 'Bairro de Almodena', 227816469);
insert into eventoEmergencia values (214516055, '2018-01-30 04:36:48', 'Samuel Osorio', 'Azoia (Sesimbra)', 424271080);
insert into eventoEmergencia values (968616256, '2018-05-08 03:13:33', 'Luisa Anjos', 'Cruz Quebrada', 815513741);
insert into eventoEmergencia values (914922866, '2018-06-19 23:02:36', 'Jorge Paralta', 'Castro de Nossa Senhora da Confianca', 31459635);
insert into eventoEmergencia values (919851314, '2018-07-26 03:44:59', 'Teresa Caldeira', 'Aldeia Grande', 804218737);


insert into entidadeMeio values ('Entidade 0');
insert into entidadeMeio values ('Entidade 1');
insert into entidadeMeio values ('Entidade 2');
insert into entidadeMeio values ('Entidade 3');
insert into entidadeMeio values ('Entidade 4');
insert into entidadeMeio values ('Entidade 5');
insert into entidadeMeio values ('Entidade 6');
insert into entidadeMeio values ('Entidade 7');
insert into entidadeMeio values ('Entidade 8');
insert into entidadeMeio values ('Entidade 9');
insert into entidadeMeio values ('Entidade 10');
insert into entidadeMeio values ('Entidade 11');
insert into entidadeMeio values ('Entidade 12');
insert into entidadeMeio values ('Entidade 13');
insert into entidadeMeio values ('Entidade 14');
insert into entidadeMeio values ('Entidade 15');
insert into entidadeMeio values ('Entidade 16');
insert into entidadeMeio values ('Entidade 17');
insert into entidadeMeio values ('Entidade 18');
insert into entidadeMeio values ('Entidade 19');
insert into entidadeMeio values ('Entidade 20');
insert into entidadeMeio values ('Entidade 21');
insert into entidadeMeio values ('Entidade 22');
insert into entidadeMeio values ('Entidade 23');
insert into entidadeMeio values ('Entidade 24');
insert into entidadeMeio values ('Entidade 25');
insert into entidadeMeio values ('Entidade 26');
insert into entidadeMeio values ('Entidade 27');
insert into entidadeMeio values ('Entidade 28');
insert into entidadeMeio values ('Entidade 29');
insert into entidadeMeio values ('Entidade 30');
insert into entidadeMeio values ('Entidade 31');
insert into entidadeMeio values ('Entidade 32');
insert into entidadeMeio values ('Entidade 33');
insert into entidadeMeio values ('Entidade 34');
insert into entidadeMeio values ('Entidade 35');
insert into entidadeMeio values ('Entidade 36');
insert into entidadeMeio values ('Entidade 37');
insert into entidadeMeio values ('Entidade 38');
insert into entidadeMeio values ('Entidade 39');
insert into entidadeMeio values ('Entidade 40');
insert into entidadeMeio values ('Entidade 41');
insert into entidadeMeio values ('Entidade 42');
insert into entidadeMeio values ('Entidade 43');
insert into entidadeMeio values ('Entidade 44');
insert into entidadeMeio values ('Entidade 45');
insert into entidadeMeio values ('Entidade 46');
insert into entidadeMeio values ('Entidade 47');
insert into entidadeMeio values ('Entidade 48');
insert into entidadeMeio values ('Entidade 49');
insert into entidadeMeio values ('Entidade 50');
insert into entidadeMeio values ('Entidade 51');
insert into entidadeMeio values ('Entidade 52');
insert into entidadeMeio values ('Entidade 53');
insert into entidadeMeio values ('Entidade 54');
insert into entidadeMeio values ('Entidade 55');
insert into entidadeMeio values ('Entidade 56');
insert into entidadeMeio values ('Entidade 57');
insert into entidadeMeio values ('Entidade 58');
insert into entidadeMeio values ('Entidade 59');
insert into entidadeMeio values ('Entidade 60');
insert into entidadeMeio values ('Entidade 61');
insert into entidadeMeio values ('Entidade 62');
insert into entidadeMeio values ('Entidade 63');
insert into entidadeMeio values ('Entidade 64');
insert into entidadeMeio values ('Entidade 65');
insert into entidadeMeio values ('Entidade 66');
insert into entidadeMeio values ('Entidade 67');
insert into entidadeMeio values ('Entidade 68');
insert into entidadeMeio values ('Entidade 69');
insert into entidadeMeio values ('Entidade 70');
insert into entidadeMeio values ('Entidade 71');
insert into entidadeMeio values ('Entidade 72');
insert into entidadeMeio values ('Entidade 73');
insert into entidadeMeio values ('Entidade 74');
insert into entidadeMeio values ('Entidade 75');
insert into entidadeMeio values ('Entidade 76');
insert into entidadeMeio values ('Entidade 77');
insert into entidadeMeio values ('Entidade 78');
insert into entidadeMeio values ('Entidade 79');
insert into entidadeMeio values ('Entidade 80');
insert into entidadeMeio values ('Entidade 81');
insert into entidadeMeio values ('Entidade 82');
insert into entidadeMeio values ('Entidade 83');
insert into entidadeMeio values ('Entidade 84');
insert into entidadeMeio values ('Entidade 85');
insert into entidadeMeio values ('Entidade 86');
insert into entidadeMeio values ('Entidade 87');
insert into entidadeMeio values ('Entidade 88');
insert into entidadeMeio values ('Entidade 89');
insert into entidadeMeio values ('Entidade 90');
insert into entidadeMeio values ('Entidade 91');
insert into entidadeMeio values ('Entidade 92');
insert into entidadeMeio values ('Entidade 93');
insert into entidadeMeio values ('Entidade 94');
insert into entidadeMeio values ('Entidade 95');
insert into entidadeMeio values ('Entidade 96');
insert into entidadeMeio values ('Entidade 97');
insert into entidadeMeio values ('Entidade 98');
insert into entidadeMeio values ('Entidade 99');


insert into meio values (0, 'Meio 0', 'Entidade 0');
insert into meio values (1, 'Meio 1', 'Entidade 0');
insert into meio values (2, 'Meio 2', 'Entidade 0');
insert into meio values (3, 'Meio 3', 'Entidade 0');
insert into meio values (4, 'Meio 4', 'Entidade 0');
insert into meio values (5, 'Meio 5', 'Entidade 0');
insert into meio values (0, 'Meio 0', 'Entidade 1');
insert into meio values (1, 'Meio 1', 'Entidade 1');
insert into meio values (0, 'Meio 0', 'Entidade 2');
insert into meio values (1, 'Meio 1', 'Entidade 2');
insert into meio values (2, 'Meio 2', 'Entidade 2');
insert into meio values (3, 'Meio 3', 'Entidade 2');
insert into meio values (0, 'Meio 0', 'Entidade 3');
insert into meio values (1, 'Meio 1', 'Entidade 3');
insert into meio values (2, 'Meio 2', 'Entidade 3');
insert into meio values (3, 'Meio 3', 'Entidade 3');
insert into meio values (4, 'Meio 4', 'Entidade 3');
insert into meio values (5, 'Meio 5', 'Entidade 3');
insert into meio values (0, 'Meio 0', 'Entidade 4');
insert into meio values (1, 'Meio 1', 'Entidade 4');
insert into meio values (2, 'Meio 2', 'Entidade 4');
insert into meio values (3, 'Meio 3', 'Entidade 4');
insert into meio values (4, 'Meio 4', 'Entidade 4');
insert into meio values (5, 'Meio 5', 'Entidade 4');
insert into meio values (0, 'Meio 0', 'Entidade 5');
insert into meio values (1, 'Meio 1', 'Entidade 5');
insert into meio values (2, 'Meio 2', 'Entidade 5');
insert into meio values (0, 'Meio 0', 'Entidade 6');
insert into meio values (1, 'Meio 1', 'Entidade 6');
insert into meio values (2, 'Meio 2', 'Entidade 6');
insert into meio values (0, 'Meio 0', 'Entidade 7');
insert into meio values (0, 'Meio 0', 'Entidade 8');
insert into meio values (1, 'Meio 1', 'Entidade 8');
insert into meio values (2, 'Meio 2', 'Entidade 8');
insert into meio values (0, 'Meio 0', 'Entidade 9');
insert into meio values (1, 'Meio 1', 'Entidade 9');
insert into meio values (0, 'Meio 0', 'Entidade 10');
insert into meio values (1, 'Meio 1', 'Entidade 10');
insert into meio values (2, 'Meio 2', 'Entidade 10');
insert into meio values (3, 'Meio 3', 'Entidade 10');
insert into meio values (4, 'Meio 4', 'Entidade 10');
insert into meio values (0, 'Meio 0', 'Entidade 11');
insert into meio values (1, 'Meio 1', 'Entidade 11');
insert into meio values (2, 'Meio 2', 'Entidade 11');
insert into meio values (3, 'Meio 3', 'Entidade 11');
insert into meio values (4, 'Meio 4', 'Entidade 11');
insert into meio values (5, 'Meio 5', 'Entidade 11');
insert into meio values (0, 'Meio 0', 'Entidade 12');
insert into meio values (1, 'Meio 1', 'Entidade 12');
insert into meio values (2, 'Meio 2', 'Entidade 12');
insert into meio values (0, 'Meio 0', 'Entidade 13');
insert into meio values (0, 'Meio 0', 'Entidade 14');
insert into meio values (1, 'Meio 1', 'Entidade 14');
insert into meio values (2, 'Meio 2', 'Entidade 14');
insert into meio values (3, 'Meio 3', 'Entidade 14');
insert into meio values (4, 'Meio 4', 'Entidade 14');
insert into meio values (0, 'Meio 0', 'Entidade 15');
insert into meio values (1, 'Meio 1', 'Entidade 15');
insert into meio values (2, 'Meio 2', 'Entidade 15');
insert into meio values (0, 'Meio 0', 'Entidade 16');
insert into meio values (1, 'Meio 1', 'Entidade 16');
insert into meio values (2, 'Meio 2', 'Entidade 16');
insert into meio values (3, 'Meio 3', 'Entidade 16');
insert into meio values (0, 'Meio 0', 'Entidade 18');
insert into meio values (1, 'Meio 1', 'Entidade 18');
insert into meio values (2, 'Meio 2', 'Entidade 18');
insert into meio values (3, 'Meio 3', 'Entidade 18');
insert into meio values (0, 'Meio 0', 'Entidade 19');
insert into meio values (1, 'Meio 1', 'Entidade 19');
insert into meio values (0, 'Meio 0', 'Entidade 20');
insert into meio values (1, 'Meio 1', 'Entidade 20');
insert into meio values (0, 'Meio 0', 'Entidade 22');
insert into meio values (1, 'Meio 1', 'Entidade 22');
insert into meio values (2, 'Meio 2', 'Entidade 22');
insert into meio values (0, 'Meio 0', 'Entidade 23');
insert into meio values (1, 'Meio 1', 'Entidade 23');
insert into meio values (2, 'Meio 2', 'Entidade 23');
insert into meio values (0, 'Meio 0', 'Entidade 24');
insert into meio values (0, 'Meio 0', 'Entidade 25');
insert into meio values (1, 'Meio 1', 'Entidade 25');
insert into meio values (0, 'Meio 0', 'Entidade 26');
insert into meio values (1, 'Meio 1', 'Entidade 26');
insert into meio values (2, 'Meio 2', 'Entidade 26');
insert into meio values (3, 'Meio 3', 'Entidade 26');
insert into meio values (0, 'Meio 0', 'Entidade 27');
insert into meio values (1, 'Meio 1', 'Entidade 27');
insert into meio values (2, 'Meio 2', 'Entidade 27');
insert into meio values (3, 'Meio 3', 'Entidade 27');
insert into meio values (4, 'Meio 4', 'Entidade 27');
insert into meio values (0, 'Meio 0', 'Entidade 28');
insert into meio values (0, 'Meio 0', 'Entidade 29');
insert into meio values (1, 'Meio 1', 'Entidade 29');
insert into meio values (2, 'Meio 2', 'Entidade 29');
insert into meio values (3, 'Meio 3', 'Entidade 29');
insert into meio values (4, 'Meio 4', 'Entidade 29');
insert into meio values (0, 'Meio 0', 'Entidade 30');
insert into meio values (0, 'Meio 0', 'Entidade 31');
insert into meio values (1, 'Meio 1', 'Entidade 31');
insert into meio values (2, 'Meio 2', 'Entidade 31');
insert into meio values (3, 'Meio 3', 'Entidade 31');
insert into meio values (4, 'Meio 4', 'Entidade 31');
insert into meio values (0, 'Meio 0', 'Entidade 32');
insert into meio values (1, 'Meio 1', 'Entidade 32');
insert into meio values (2, 'Meio 2', 'Entidade 32');
insert into meio values (0, 'Meio 0', 'Entidade 33');
insert into meio values (1, 'Meio 1', 'Entidade 33');
insert into meio values (2, 'Meio 2', 'Entidade 33');
insert into meio values (0, 'Meio 0', 'Entidade 34');
insert into meio values (1, 'Meio 1', 'Entidade 34');
insert into meio values (2, 'Meio 2', 'Entidade 34');
insert into meio values (3, 'Meio 3', 'Entidade 34');
insert into meio values (0, 'Meio 0', 'Entidade 35');
insert into meio values (1, 'Meio 1', 'Entidade 35');
insert into meio values (0, 'Meio 0', 'Entidade 36');
insert into meio values (1, 'Meio 1', 'Entidade 36');
insert into meio values (2, 'Meio 2', 'Entidade 36');
insert into meio values (3, 'Meio 3', 'Entidade 36');
insert into meio values (0, 'Meio 0', 'Entidade 37');
insert into meio values (1, 'Meio 1', 'Entidade 37');
insert into meio values (2, 'Meio 2', 'Entidade 37');
insert into meio values (3, 'Meio 3', 'Entidade 37');
insert into meio values (0, 'Meio 0', 'Entidade 40');
insert into meio values (0, 'Meio 0', 'Entidade 43');
insert into meio values (1, 'Meio 1', 'Entidade 43');
insert into meio values (2, 'Meio 2', 'Entidade 43');
insert into meio values (0, 'Meio 0', 'Entidade 44');
insert into meio values (0, 'Meio 0', 'Entidade 45');
insert into meio values (0, 'Meio 0', 'Entidade 46');
insert into meio values (1, 'Meio 1', 'Entidade 46');
insert into meio values (2, 'Meio 2', 'Entidade 46');
insert into meio values (3, 'Meio 3', 'Entidade 46');
insert into meio values (4, 'Meio 4', 'Entidade 46');
insert into meio values (5, 'Meio 5', 'Entidade 46');
insert into meio values (0, 'Meio 0', 'Entidade 47');
insert into meio values (1, 'Meio 1', 'Entidade 47');
insert into meio values (2, 'Meio 2', 'Entidade 47');
insert into meio values (3, 'Meio 3', 'Entidade 47');
insert into meio values (4, 'Meio 4', 'Entidade 47');
insert into meio values (5, 'Meio 5', 'Entidade 47');
insert into meio values (0, 'Meio 0', 'Entidade 48');
insert into meio values (1, 'Meio 1', 'Entidade 48');
insert into meio values (2, 'Meio 2', 'Entidade 48');
insert into meio values (3, 'Meio 3', 'Entidade 48');
insert into meio values (4, 'Meio 4', 'Entidade 48');
insert into meio values (0, 'Meio 0', 'Entidade 50');
insert into meio values (1, 'Meio 1', 'Entidade 50');
insert into meio values (2, 'Meio 2', 'Entidade 50');
insert into meio values (0, 'Meio 0', 'Entidade 51');
insert into meio values (1, 'Meio 1', 'Entidade 51');
insert into meio values (2, 'Meio 2', 'Entidade 51');
insert into meio values (3, 'Meio 3', 'Entidade 51');
insert into meio values (4, 'Meio 4', 'Entidade 51');
insert into meio values (5, 'Meio 5', 'Entidade 51');
insert into meio values (0, 'Meio 0', 'Entidade 52');
insert into meio values (1, 'Meio 1', 'Entidade 52');
insert into meio values (2, 'Meio 2', 'Entidade 52');
insert into meio values (3, 'Meio 3', 'Entidade 52');
insert into meio values (4, 'Meio 4', 'Entidade 52');
insert into meio values (5, 'Meio 5', 'Entidade 52');
insert into meio values (0, 'Meio 0', 'Entidade 53');
insert into meio values (1, 'Meio 1', 'Entidade 53');
insert into meio values (0, 'Meio 0', 'Entidade 54');
insert into meio values (1, 'Meio 1', 'Entidade 54');
insert into meio values (2, 'Meio 2', 'Entidade 54');
insert into meio values (3, 'Meio 3', 'Entidade 54');
insert into meio values (4, 'Meio 4', 'Entidade 54');
insert into meio values (5, 'Meio 5', 'Entidade 54');
insert into meio values (0, 'Meio 0', 'Entidade 55');
insert into meio values (1, 'Meio 1', 'Entidade 55');
insert into meio values (0, 'Meio 0', 'Entidade 57');
insert into meio values (1, 'Meio 1', 'Entidade 57');
insert into meio values (2, 'Meio 2', 'Entidade 57');
insert into meio values (3, 'Meio 3', 'Entidade 57');
insert into meio values (0, 'Meio 0', 'Entidade 58');
insert into meio values (1, 'Meio 1', 'Entidade 58');
insert into meio values (2, 'Meio 2', 'Entidade 58');
insert into meio values (3, 'Meio 3', 'Entidade 58');
insert into meio values (0, 'Meio 0', 'Entidade 59');
insert into meio values (0, 'Meio 0', 'Entidade 60');
insert into meio values (1, 'Meio 1', 'Entidade 60');
insert into meio values (2, 'Meio 2', 'Entidade 60');
insert into meio values (3, 'Meio 3', 'Entidade 60');
insert into meio values (0, 'Meio 0', 'Entidade 61');
insert into meio values (0, 'Meio 0', 'Entidade 62');
insert into meio values (1, 'Meio 1', 'Entidade 62');
insert into meio values (2, 'Meio 2', 'Entidade 62');
insert into meio values (3, 'Meio 3', 'Entidade 62');
insert into meio values (4, 'Meio 4', 'Entidade 62');
insert into meio values (5, 'Meio 5', 'Entidade 62');
insert into meio values (0, 'Meio 0', 'Entidade 63');
insert into meio values (1, 'Meio 1', 'Entidade 63');
insert into meio values (0, 'Meio 0', 'Entidade 64');
insert into meio values (1, 'Meio 1', 'Entidade 64');
insert into meio values (2, 'Meio 2', 'Entidade 64');
insert into meio values (3, 'Meio 3', 'Entidade 64');
insert into meio values (4, 'Meio 4', 'Entidade 64');
insert into meio values (0, 'Meio 0', 'Entidade 65');
insert into meio values (1, 'Meio 1', 'Entidade 65');
insert into meio values (2, 'Meio 2', 'Entidade 65');
insert into meio values (3, 'Meio 3', 'Entidade 65');
insert into meio values (0, 'Meio 0', 'Entidade 66');
insert into meio values (1, 'Meio 1', 'Entidade 66');
insert into meio values (2, 'Meio 2', 'Entidade 66');
insert into meio values (3, 'Meio 3', 'Entidade 66');
insert into meio values (4, 'Meio 4', 'Entidade 66');
insert into meio values (5, 'Meio 5', 'Entidade 66');
insert into meio values (0, 'Meio 0', 'Entidade 67');
insert into meio values (1, 'Meio 1', 'Entidade 67');
insert into meio values (0, 'Meio 0', 'Entidade 68');
insert into meio values (0, 'Meio 0', 'Entidade 70');
insert into meio values (1, 'Meio 1', 'Entidade 70');
insert into meio values (2, 'Meio 2', 'Entidade 70');
insert into meio values (3, 'Meio 3', 'Entidade 70');
insert into meio values (0, 'Meio 0', 'Entidade 71');
insert into meio values (1, 'Meio 1', 'Entidade 71');
insert into meio values (2, 'Meio 2', 'Entidade 71');
insert into meio values (0, 'Meio 0', 'Entidade 72');
insert into meio values (1, 'Meio 1', 'Entidade 72');
insert into meio values (2, 'Meio 2', 'Entidade 72');
insert into meio values (3, 'Meio 3', 'Entidade 72');
insert into meio values (0, 'Meio 0', 'Entidade 73');
insert into meio values (1, 'Meio 1', 'Entidade 73');
insert into meio values (0, 'Meio 0', 'Entidade 74');
insert into meio values (0, 'Meio 0', 'Entidade 75');
insert into meio values (1, 'Meio 1', 'Entidade 75');
insert into meio values (2, 'Meio 2', 'Entidade 75');
insert into meio values (0, 'Meio 0', 'Entidade 76');
insert into meio values (1, 'Meio 1', 'Entidade 76');
insert into meio values (2, 'Meio 2', 'Entidade 76');
insert into meio values (3, 'Meio 3', 'Entidade 76');
insert into meio values (4, 'Meio 4', 'Entidade 76');
insert into meio values (5, 'Meio 5', 'Entidade 76');
insert into meio values (0, 'Meio 0', 'Entidade 77');
insert into meio values (1, 'Meio 1', 'Entidade 77');
insert into meio values (2, 'Meio 2', 'Entidade 77');
insert into meio values (3, 'Meio 3', 'Entidade 77');
insert into meio values (4, 'Meio 4', 'Entidade 77');
insert into meio values (5, 'Meio 5', 'Entidade 77');
insert into meio values (0, 'Meio 0', 'Entidade 78');
insert into meio values (1, 'Meio 1', 'Entidade 78');
insert into meio values (0, 'Meio 0', 'Entidade 79');
insert into meio values (1, 'Meio 1', 'Entidade 79');
insert into meio values (0, 'Meio 0', 'Entidade 80');
insert into meio values (1, 'Meio 1', 'Entidade 80');
insert into meio values (2, 'Meio 2', 'Entidade 80');
insert into meio values (3, 'Meio 3', 'Entidade 80');
insert into meio values (0, 'Meio 0', 'Entidade 81');
insert into meio values (1, 'Meio 1', 'Entidade 81');
insert into meio values (2, 'Meio 2', 'Entidade 81');
insert into meio values (3, 'Meio 3', 'Entidade 81');
insert into meio values (4, 'Meio 4', 'Entidade 81');
insert into meio values (0, 'Meio 0', 'Entidade 82');
insert into meio values (0, 'Meio 0', 'Entidade 83');
insert into meio values (1, 'Meio 1', 'Entidade 83');
insert into meio values (2, 'Meio 2', 'Entidade 83');
insert into meio values (3, 'Meio 3', 'Entidade 83');
insert into meio values (0, 'Meio 0', 'Entidade 84');
insert into meio values (1, 'Meio 1', 'Entidade 84');
insert into meio values (0, 'Meio 0', 'Entidade 86');
insert into meio values (1, 'Meio 1', 'Entidade 86');
insert into meio values (0, 'Meio 0', 'Entidade 87');
insert into meio values (1, 'Meio 1', 'Entidade 87');
insert into meio values (0, 'Meio 0', 'Entidade 88');
insert into meio values (1, 'Meio 1', 'Entidade 88');
insert into meio values (0, 'Meio 0', 'Entidade 89');
insert into meio values (0, 'Meio 0', 'Entidade 90');
insert into meio values (0, 'Meio 0', 'Entidade 92');
insert into meio values (1, 'Meio 1', 'Entidade 92');
insert into meio values (2, 'Meio 2', 'Entidade 92');
insert into meio values (3, 'Meio 3', 'Entidade 92');
insert into meio values (4, 'Meio 4', 'Entidade 92');
insert into meio values (5, 'Meio 5', 'Entidade 92');
insert into meio values (0, 'Meio 0', 'Entidade 93');
insert into meio values (1, 'Meio 1', 'Entidade 93');
insert into meio values (0, 'Meio 0', 'Entidade 94');
insert into meio values (1, 'Meio 1', 'Entidade 94');
insert into meio values (0, 'Meio 0', 'Entidade 95');
insert into meio values (1, 'Meio 1', 'Entidade 95');
insert into meio values (2, 'Meio 2', 'Entidade 95');
insert into meio values (3, 'Meio 3', 'Entidade 95');
insert into meio values (0, 'Meio 0', 'Entidade 96');
insert into meio values (1, 'Meio 1', 'Entidade 96');
insert into meio values (0, 'Meio 0', 'Entidade 98');
insert into meio values (1, 'Meio 1', 'Entidade 98');
insert into meio values (2, 'Meio 2', 'Entidade 98');
insert into meio values (3, 'Meio 3', 'Entidade 98');


insert into meioCombate values (1, 'Entidade 55');
insert into meioCombate values (2, 'Entidade 43');
insert into meioCombate values (0, 'Entidade 51');
insert into meioCombate values (0, 'Entidade 36');
insert into meioCombate values (0, 'Entidade 58');
insert into meioCombate values (1, 'Entidade 65');
insert into meioCombate values (1, 'Entidade 10');
insert into meioCombate values (3, 'Entidade 95');
insert into meioCombate values (1, 'Entidade 79');
insert into meioCombate values (1, 'Entidade 5');
insert into meioCombate values (0, 'Entidade 48');
insert into meioCombate values (1, 'Entidade 95');
insert into meioCombate values (2, 'Entidade 81');
insert into meioCombate values (4, 'Entidade 64');
insert into meioCombate values (0, 'Entidade 94');
insert into meioCombate values (1, 'Entidade 62');
insert into meioCombate values (1, 'Entidade 47');
insert into meioCombate values (0, 'Entidade 93');
insert into meioCombate values (3, 'Entidade 98');
insert into meioCombate values (3, 'Entidade 34');
insert into meioCombate values (0, 'Entidade 14');
insert into meioCombate values (3, 'Entidade 46');
insert into meioCombate values (1, 'Entidade 83');
insert into meioCombate values (1, 'Entidade 50');
insert into meioCombate values (0, 'Entidade 18');
insert into meioCombate values (3, 'Entidade 77');
insert into meioCombate values (1, 'Entidade 0');
insert into meioCombate values (0, 'Entidade 24');
insert into meioCombate values (2, 'Entidade 77');
insert into meioCombate values (2, 'Entidade 52');
insert into meioCombate values (2, 'Entidade 3');
insert into meioCombate values (1, 'Entidade 34');
insert into meioCombate values (4, 'Entidade 54');
insert into meioCombate values (2, 'Entidade 47');
insert into meioCombate values (1, 'Entidade 58');
insert into meioCombate values (1, 'Entidade 26');
insert into meioCombate values (2, 'Entidade 31');
insert into meioCombate values (2, 'Entidade 54');
insert into meioCombate values (5, 'Entidade 46');
insert into meioCombate values (0, 'Entidade 5');
insert into meioCombate values (5, 'Entidade 62');
insert into meioCombate values (1, 'Entidade 71');
insert into meioCombate values (3, 'Entidade 81');
insert into meioCombate values (0, 'Entidade 32');
insert into meioCombate values (3, 'Entidade 11');
insert into meioCombate values (0, 'Entidade 92');
insert into meioCombate values (1, 'Entidade 92');
insert into meioCombate values (2, 'Entidade 16');
insert into meioCombate values (3, 'Entidade 65');
insert into meioCombate values (2, 'Entidade 60');
insert into meioCombate values (0, 'Entidade 12');
insert into meioCombate values (1, 'Entidade 25');
insert into meioCombate values (0, 'Entidade 88');
insert into meioCombate values (0, 'Entidade 40');
insert into meioCombate values (0, 'Entidade 73');
insert into meioCombate values (1, 'Entidade 67');
insert into meioCombate values (0, 'Entidade 67');
insert into meioCombate values (0, 'Entidade 68');
insert into meioCombate values (1, 'Entidade 87');
insert into meioCombate values (3, 'Entidade 48');
insert into meioCombate values (2, 'Entidade 83');
insert into meioCombate values (0, 'Entidade 46');
insert into meioCombate values (1, 'Entidade 51');
insert into meioCombate values (0, 'Entidade 74');
insert into meioCombate values (4, 'Entidade 92');
insert into meioCombate values (0, 'Entidade 64');
insert into meioCombate values (4, 'Entidade 46');
insert into meioCombate values (4, 'Entidade 62');
insert into meioCombate values (2, 'Entidade 15');
insert into meioCombate values (0, 'Entidade 3');
insert into meioCombate values (0, 'Entidade 22');
insert into meioCombate values (0, 'Entidade 44');
insert into meioCombate values (1, 'Entidade 52');
insert into meioCombate values (4, 'Entidade 11');
insert into meioCombate values (0, 'Entidade 53');
insert into meioCombate values (0, 'Entidade 84');
insert into meioCombate values (0, 'Entidade 43');
insert into meioCombate values (3, 'Entidade 66');
insert into meioCombate values (3, 'Entidade 57');
insert into meioCombate values (3, 'Entidade 70');
insert into meioCombate values (1, 'Entidade 75');
insert into meioCombate values (3, 'Entidade 37');
insert into meioCombate values (2, 'Entidade 46');
insert into meioCombate values (0, 'Entidade 60');
insert into meioCombate values (1, 'Entidade 22');
insert into meioCombate values (3, 'Entidade 36');
insert into meioCombate values (4, 'Entidade 27');
insert into meioCombate values (3, 'Entidade 29');
insert into meioCombate values (0, 'Entidade 4');
insert into meioCombate values (1, 'Entidade 48');
insert into meioCombate values (2, 'Entidade 72');
insert into meioCombate values (0, 'Entidade 65');
insert into meioCombate values (5, 'Entidade 11');
insert into meioCombate values (2, 'Entidade 18');
insert into meioCombate values (0, 'Entidade 0');
insert into meioCombate values (0, 'Entidade 66');
insert into meioCombate values (2, 'Entidade 62');
insert into meioCombate values (0, 'Entidade 61');
insert into meioCombate values (5, 'Entidade 92');
insert into meioCombate values (4, 'Entidade 81');
insert into meioCombate values (3, 'Entidade 52');
insert into meioCombate values (3, 'Entidade 72');
insert into meioCombate values (0, 'Entidade 28');
insert into meioCombate values (4, 'Entidade 77');
insert into meioCombate values (1, 'Entidade 15');
insert into meioCombate values (3, 'Entidade 4');
insert into meioCombate values (2, 'Entidade 14');
insert into meioCombate values (3, 'Entidade 27');
insert into meioCombate values (3, 'Entidade 51');
insert into meioCombate values (0, 'Entidade 52');
insert into meioCombate values (5, 'Entidade 66');
insert into meioCombate values (3, 'Entidade 31');
insert into meioCombate values (1, 'Entidade 16');
insert into meioCombate values (0, 'Entidade 29');


insert into meioApoio values (2, 'Entidade 6');
insert into meioApoio values (1, 'Entidade 8');
insert into meioApoio values (5, 'Entidade 76');
insert into meioApoio values (0, 'Entidade 80');
insert into meioApoio values (4, 'Entidade 14');
insert into meioApoio values (1, 'Entidade 54');
insert into meioApoio values (0, 'Entidade 62');
insert into meioApoio values (0, 'Entidade 79');
insert into meioApoio values (4, 'Entidade 29');
insert into meioApoio values (2, 'Entidade 22');
insert into meioApoio values (0, 'Entidade 29');
insert into meioApoio values (1, 'Entidade 93');
insert into meioApoio values (5, 'Entidade 51');
insert into meioApoio values (2, 'Entidade 64');
insert into meioApoio values (0, 'Entidade 47');
insert into meioApoio values (2, 'Entidade 23');
insert into meioApoio values (0, 'Entidade 9');
insert into meioApoio values (2, 'Entidade 5');
insert into meioApoio values (1, 'Entidade 12');
insert into meioApoio values (5, 'Entidade 54');
insert into meioApoio values (0, 'Entidade 33');
insert into meioApoio values (2, 'Entidade 66');
insert into meioApoio values (4, 'Entidade 47');
insert into meioApoio values (0, 'Entidade 71');
insert into meioApoio values (0, 'Entidade 20');
insert into meioApoio values (1, 'Entidade 63');
insert into meioApoio values (0, 'Entidade 16');
insert into meioApoio values (2, 'Entidade 51');
insert into meioApoio values (4, 'Entidade 3');
insert into meioApoio values (1, 'Entidade 64');
insert into meioApoio values (4, 'Entidade 81');
insert into meioApoio values (5, 'Entidade 0');
insert into meioApoio values (0, 'Entidade 7');
insert into meioApoio values (2, 'Entidade 76');
insert into meioApoio values (3, 'Entidade 0');
insert into meioApoio values (0, 'Entidade 96');
insert into meioApoio values (0, 'Entidade 87');
insert into meioApoio values (2, 'Entidade 80');
insert into meioApoio values (1, 'Entidade 98');
insert into meioApoio values (0, 'Entidade 75');
insert into meioApoio values (0, 'Entidade 98');
insert into meioApoio values (3, 'Entidade 18');
insert into meioApoio values (0, 'Entidade 70');
insert into meioApoio values (1, 'Entidade 57');
insert into meioApoio values (3, 'Entidade 3');
insert into meioApoio values (1, 'Entidade 6');
insert into meioApoio values (3, 'Entidade 72');
insert into meioApoio values (2, 'Entidade 36');
insert into meioApoio values (3, 'Entidade 80');
insert into meioApoio values (1, 'Entidade 35');
insert into meioApoio values (2, 'Entidade 0');
insert into meioApoio values (0, 'Entidade 35');
insert into meioApoio values (3, 'Entidade 14');
insert into meioApoio values (1, 'Entidade 31');
insert into meioApoio values (2, 'Entidade 11');
insert into meioApoio values (5, 'Entidade 4');
insert into meioApoio values (0, 'Entidade 61');
insert into meioApoio values (1, 'Entidade 15');
insert into meioApoio values (1, 'Entidade 73');
insert into meioApoio values (0, 'Entidade 13');
insert into meioApoio values (0, 'Entidade 23');
insert into meioApoio values (1, 'Entidade 23');
insert into meioApoio values (4, 'Entidade 31');
insert into meioApoio values (0, 'Entidade 28');
insert into meioApoio values (3, 'Entidade 31');
insert into meioApoio values (0, 'Entidade 63');
insert into meioApoio values (1, 'Entidade 72');
insert into meioApoio values (0, 'Entidade 78');
insert into meioApoio values (3, 'Entidade 58');
insert into meioApoio values (1, 'Entidade 19');
insert into meioApoio values (1, 'Entidade 2');
insert into meioApoio values (3, 'Entidade 64');
insert into meioApoio values (4, 'Entidade 76');
insert into meioApoio values (4, 'Entidade 51');
insert into meioApoio values (4, 'Entidade 52');
insert into meioApoio values (0, 'Entidade 31');
insert into meioApoio values (5, 'Entidade 92');
insert into meioApoio values (1, 'Entidade 94');
insert into meioApoio values (2, 'Entidade 75');
insert into meioApoio values (0, 'Entidade 34');
insert into meioApoio values (5, 'Entidade 3');
insert into meioApoio values (1, 'Entidade 66');
insert into meioApoio values (0, 'Entidade 83');
insert into meioApoio values (2, 'Entidade 32');
insert into meioApoio values (1, 'Entidade 80');
insert into meioApoio values (1, 'Entidade 70');
insert into meioApoio values (1, 'Entidade 16');
insert into meioApoio values (3, 'Entidade 60');
insert into meioApoio values (1, 'Entidade 78');
insert into meioApoio values (3, 'Entidade 51');
insert into meioApoio values (0, 'Entidade 86');
insert into meioApoio values (2, 'Entidade 14');
insert into meioApoio values (5, 'Entidade 66');
insert into meioApoio values (1, 'Entidade 96');
insert into meioApoio values (4, 'Entidade 10');
insert into meioApoio values (0, 'Entidade 89');
insert into meioApoio values (1, 'Entidade 14');
insert into meioApoio values (4, 'Entidade 4');
insert into meioApoio values (4, 'Entidade 11');
insert into meioApoio values (0, 'Entidade 59');
insert into meioApoio values (0, 'Entidade 36');
insert into meioApoio values (0, 'Entidade 92');
insert into meioApoio values (3, 'Entidade 10');
insert into meioApoio values (3, 'Entidade 62');
insert into meioApoio values (2, 'Entidade 72');
insert into meioApoio values (1, 'Entidade 9');
insert into meioApoio values (0, 'Entidade 12');
insert into meioApoio values (1, 'Entidade 32');
insert into meioApoio values (0, 'Entidade 44');
insert into meioApoio values (2, 'Entidade 81');
insert into meioApoio values (0, 'Entidade 30');
insert into meioApoio values (2, 'Entidade 26');
insert into meioApoio values (0, 'Entidade 90');
insert into meioApoio values (2, 'Entidade 62');
insert into meioApoio values (2, 'Entidade 8');
insert into meioApoio values (0, 'Entidade 4');


insert into meioSocorro values (4, 'Entidade 48');
insert into meioSocorro values (2, 'Entidade 50');
insert into meioSocorro values (1, 'Entidade 46');
insert into meioSocorro values (1, 'Entidade 88');
insert into meioSocorro values (0, 'Entidade 95');
insert into meioSocorro values (0, 'Entidade 30');
insert into meioSocorro values (2, 'Entidade 70');
insert into meioSocorro values (0, 'Entidade 52');
insert into meioSocorro values (0, 'Entidade 10');
insert into meioSocorro values (3, 'Entidade 2');
insert into meioSocorro values (3, 'Entidade 54');
insert into meioSocorro values (2, 'Entidade 26');
insert into meioSocorro values (0, 'Entidade 8');
insert into meioSocorro values (1, 'Entidade 84');
insert into meioSocorro values (1, 'Entidade 20');
insert into meioSocorro values (0, 'Entidade 27');
insert into meioSocorro values (3, 'Entidade 26');
insert into meioSocorro values (4, 'Entidade 0');
insert into meioSocorro values (1, 'Entidade 77');
insert into meioSocorro values (0, 'Entidade 81');
insert into meioSocorro values (0, 'Entidade 19');
insert into meioSocorro values (1, 'Entidade 81');
insert into meioSocorro values (2, 'Entidade 4');
insert into meioSocorro values (4, 'Entidade 66');
insert into meioSocorro values (3, 'Entidade 92');
insert into meioSocorro values (2, 'Entidade 71');
insert into meioSocorro values (1, 'Entidade 86');
insert into meioSocorro values (0, 'Entidade 72');
insert into meioSocorro values (1, 'Entidade 4');
insert into meioSocorro values (2, 'Entidade 58');
insert into meioSocorro values (0, 'Entidade 55');
insert into meioSocorro values (2, 'Entidade 65');
insert into meioSocorro values (0, 'Entidade 1');
insert into meioSocorro values (1, 'Entidade 76');
insert into meioSocorro values (5, 'Entidade 52');
insert into meioSocorro values (1, 'Entidade 27');
insert into meioSocorro values (1, 'Entidade 37');
insert into meioSocorro values (2, 'Entidade 57');
insert into meioSocorro values (4, 'Entidade 4');
insert into meioSocorro values (1, 'Entidade 32');
insert into meioSocorro values (1, 'Entidade 60');
insert into meioSocorro values (0, 'Entidade 25');
insert into meioSocorro values (2, 'Entidade 33');
insert into meioSocorro values (0, 'Entidade 66');
insert into meioSocorro values (0, 'Entidade 11');
insert into meioSocorro values (3, 'Entidade 83');
insert into meioSocorro values (0, 'Entidade 77');
insert into meioSocorro values (3, 'Entidade 10');
insert into meioSocorro values (0, 'Entidade 37');
insert into meioSocorro values (3, 'Entidade 4');
insert into meioSocorro values (2, 'Entidade 27');
insert into meioSocorro values (2, 'Entidade 62');
insert into meioSocorro values (1, 'Entidade 33');
insert into meioSocorro values (1, 'Entidade 1');
insert into meioSocorro values (1, 'Entidade 9');
insert into meioSocorro values (0, 'Entidade 45');
insert into meioSocorro values (2, 'Entidade 34');
insert into meioSocorro values (1, 'Entidade 14');
insert into meioSocorro values (2, 'Entidade 95');
insert into meioSocorro values (3, 'Entidade 27');
insert into meioSocorro values (1, 'Entidade 43');
insert into meioSocorro values (0, 'Entidade 82');
insert into meioSocorro values (0, 'Entidade 6');
insert into meioSocorro values (2, 'Entidade 8');
insert into meioSocorro values (0, 'Entidade 15');
insert into meioSocorro values (3, 'Entidade 47');
insert into meioSocorro values (1, 'Entidade 11');
insert into meioSocorro values (0, 'Entidade 90');
insert into meioSocorro values (0, 'Entidade 26');
insert into meioSocorro values (2, 'Entidade 12');
insert into meioSocorro values (2, 'Entidade 98');
insert into meioSocorro values (0, 'Entidade 2');
insert into meioSocorro values (4, 'Entidade 77');
insert into meioSocorro values (3, 'Entidade 52');
insert into meioSocorro values (0, 'Entidade 76');
insert into meioSocorro values (1, 'Entidade 18');
insert into meioSocorro values (3, 'Entidade 16');
insert into meioSocorro values (0, 'Entidade 57');
insert into meioSocorro values (2, 'Entidade 29');
insert into meioSocorro values (0, 'Entidade 59');
insert into meioSocorro values (0, 'Entidade 50');
insert into meioSocorro values (2, 'Entidade 2');
insert into meioSocorro values (2, 'Entidade 10');
insert into meioSocorro values (5, 'Entidade 47');
insert into meioSocorro values (1, 'Entidade 53');
insert into meioSocorro values (1, 'Entidade 29');
insert into meioSocorro values (3, 'Entidade 76');
insert into meioSocorro values (0, 'Entidade 54');
insert into meioSocorro values (3, 'Entidade 62');
insert into meioSocorro values (2, 'Entidade 92');
insert into meioSocorro values (1, 'Entidade 3');
insert into meioSocorro values (2, 'Entidade 37');
insert into meioSocorro values (2, 'Entidade 48');
insert into meioSocorro values (5, 'Entidade 77');
insert into meioSocorro values (1, 'Entidade 36');
insert into meioSocorro values (1, 'Entidade 98');
insert into meioSocorro values (0, 'Entidade 93');
insert into meioSocorro values (0, 'Entidade 28');
insert into meioSocorro values (2, 'Entidade 77');
insert into meioSocorro values (1, 'Entidade 25');
insert into meioSocorro values (0, 'Entidade 62');
insert into meioSocorro values (0, 'Entidade 36');
insert into meioSocorro values (4, 'Entidade 10');
insert into meioSocorro values (4, 'Entidade 27');
insert into meioSocorro values (3, 'Entidade 51');
insert into meioSocorro values (2, 'Entidade 64');
insert into meioSocorro values (0, 'Entidade 31');
insert into meioSocorro values (0, 'Entidade 4');
insert into meioSocorro values (0, 'Entidade 63');
insert into meioSocorro values (4, 'Entidade 14');
insert into meioSocorro values (5, 'Entidade 46');
insert into meioSocorro values (1, 'Entidade 83');
insert into meioSocorro values (3, 'Entidade 14');
insert into meioSocorro values (0, 'Entidade 22');


insert into aciona values (2, 'Entidade 8', 265893702);
insert into aciona values (0, 'Entidade 62', 514304891);
insert into aciona values (0, 'Entidade 98', 804218737);
insert into aciona values (1, 'Entidade 34', 227816469);
insert into aciona values (5, 'Entidade 3', 487219788);
insert into aciona values (0, 'Entidade 29', 66948638);
insert into aciona values (1, 'Entidade 15', 657599449);
insert into aciona values (0, 'Entidade 90', 131811842);
insert into aciona values (2, 'Entidade 34', 399677414);
insert into aciona values (1, 'Entidade 79', 994395702);
insert into aciona values (5, 'Entidade 77', 978403889);
insert into aciona values (0, 'Entidade 76', 837349919);
insert into aciona values (0, 'Entidade 25', 868741836);
insert into aciona values (4, 'Entidade 62', 807972887);
insert into aciona values (1, 'Entidade 46', 165880114);
insert into aciona values (2, 'Entidade 81', 213739906);
insert into aciona values (1, 'Entidade 29', 155807370);
insert into aciona values (3, 'Entidade 27', 658323046);
insert into aciona values (0, 'Entidade 75', 578254328);
insert into aciona values (3, 'Entidade 3', 45161274);
insert into aciona values (0, 'Entidade 45', 984963730);
insert into aciona values (4, 'Entidade 52', 438973086);
insert into aciona values (0, 'Entidade 8', 729579274);
insert into aciona values (2, 'Entidade 80', 952900828);
insert into aciona values (2, 'Entidade 43', 994395702);
insert into aciona values (0, 'Entidade 0', 956746310);
insert into aciona values (1, 'Entidade 14', 331487154);
insert into aciona values (0, 'Entidade 76', 755203792);
insert into aciona values (0, 'Entidade 89', 767839718);
insert into aciona values (3, 'Entidade 37', 952900828);
insert into aciona values (5, 'Entidade 76', 944207168);
insert into aciona values (0, 'Entidade 98', 173690075);
insert into aciona values (0, 'Entidade 51', 265893702);
insert into aciona values (1, 'Entidade 36', 804218737);
insert into aciona values (1, 'Entidade 4', 352604639);
insert into aciona values (3, 'Entidade 10', 804218737);
insert into aciona values (0, 'Entidade 52', 837349919);
insert into aciona values (3, 'Entidade 48', 991431293);
insert into aciona values (0, 'Entidade 76', 468460932);
insert into aciona values (1, 'Entidade 19', 976056163);
insert into aciona values (1, 'Entidade 76', 272169727);
insert into aciona values (3, 'Entidade 4', 766172800);
insert into aciona values (1, 'Entidade 63', 835629855);
insert into aciona values (0, 'Entidade 72', 732809155);
insert into aciona values (2, 'Entidade 6', 978403889);
insert into aciona values (2, 'Entidade 62', 494739592);
insert into aciona values (0, 'Entidade 5', 923005895);
insert into aciona values (2, 'Entidade 10', 42460152);
insert into aciona values (2, 'Entidade 23', 511609329);
insert into aciona values (0, 'Entidade 37', 165880114);
insert into aciona values (0, 'Entidade 32', 494739592);
insert into aciona values (0, 'Entidade 78', 175072300);
insert into aciona values (1, 'Entidade 20', 640910917);
insert into aciona values (3, 'Entidade 11', 66948638);
insert into aciona values (4, 'Entidade 47', 868741836);
insert into aciona values (2, 'Entidade 8', 352604639);
insert into aciona values (1, 'Entidade 32', 558218702);
insert into aciona values (2, 'Entidade 50', 333679782);
insert into aciona values (0, 'Entidade 67', 968149996);
insert into aciona values (3, 'Entidade 66', 424271080);
insert into aciona values (3, 'Entidade 95', 978403889);
insert into aciona values (2, 'Entidade 26', 994395702);
insert into aciona values (1, 'Entidade 5', 449276951);
insert into aciona values (2, 'Entidade 51', 657599449);
insert into aciona values (4, 'Entidade 66', 31459635);
insert into aciona values (3, 'Entidade 10', 511609329);
insert into aciona values (3, 'Entidade 81', 621109468);
insert into aciona values (4, 'Entidade 47', 333679782);
insert into aciona values (0, 'Entidade 67', 940725801);
insert into aciona values (1, 'Entidade 46', 2606583);
insert into aciona values (3, 'Entidade 57', 804218737);
insert into aciona values (0, 'Entidade 14', 306157543);
insert into aciona values (1, 'Entidade 76', 717168102);
insert into aciona values (2, 'Entidade 95', 155807370);
insert into aciona values (2, 'Entidade 18', 884721086);
insert into aciona values (3, 'Entidade 16', 424271080);
insert into aciona values (2, 'Entidade 0', 802085280);
insert into aciona values (3, 'Entidade 64', 562449087);
insert into aciona values (0, 'Entidade 30', 21260854);
insert into aciona values (0, 'Entidade 72', 621109468);
insert into aciona values (1, 'Entidade 37', 272169727);
insert into aciona values (0, 'Entidade 3', 802085280);
insert into aciona values (0, 'Entidade 73', 662605851);
insert into aciona values (2, 'Entidade 98', 355667045);
insert into aciona values (2, 'Entidade 12', 815513741);
insert into aciona values (0, 'Entidade 62', 836833412);
insert into aciona values (0, 'Entidade 54', 807972887);
insert into aciona values (0, 'Entidade 19', 835629855);
insert into aciona values (1, 'Entidade 48', 737821337);
insert into aciona values (1, 'Entidade 47', 984963730);
insert into aciona values (2, 'Entidade 4', 767839718);
insert into aciona values (1, 'Entidade 11', 399677414);
insert into aciona values (5, 'Entidade 62', 352604639);
insert into aciona values (1, 'Entidade 58', 227816469);
insert into aciona values (3, 'Entidade 54', 197403536);
insert into aciona values (0, 'Entidade 57', 447767975);
insert into aciona values (3, 'Entidade 98', 776961531);
insert into aciona values (0, 'Entidade 96', 630755165);
insert into aciona values (0, 'Entidade 23', 173690075);
insert into aciona values (3, 'Entidade 62', 662605851);
insert into aciona values (1, 'Entidade 58', 717168102);
insert into aciona values (5, 'Entidade 51', 755203792);
insert into aciona values (0, 'Entidade 13', 558218702);
insert into aciona values (5, 'Entidade 54', 750543034);
insert into aciona values (1, 'Entidade 34', 690565434);
insert into aciona values (2, 'Entidade 58', 952900828);
insert into aciona values (1, 'Entidade 25', 306157543);
insert into aciona values (0, 'Entidade 50', 468460932);
insert into aciona values (0, 'Entidade 31', 31459635);
insert into aciona values (0, 'Entidade 87', 438973086);
insert into aciona values (0, 'Entidade 54', 717168102);
insert into aciona values (0, 'Entidade 71', 863384463);
insert into aciona values (0, 'Entidade 73', 331487154);
insert into aciona values (0, 'Entidade 37', 743368595);
insert into aciona values (4, 'Entidade 51', 197403536);
insert into aciona values (1, 'Entidade 78', 412983708);
insert into aciona values (2, 'Entidade 62', 868741836);
insert into aciona values (3, 'Entidade 18', 804218737);
insert into aciona values (0, 'Entidade 31', 991431293);
insert into aciona values (1, 'Entidade 96', 868741836);
insert into aciona values (3, 'Entidade 76', 272169727);
insert into aciona values (4, 'Entidade 14', 821239543);
insert into aciona values (2, 'Entidade 36', 984963730);
insert into aciona values (1, 'Entidade 25', 690565434);
insert into aciona values (0, 'Entidade 80', 399677414);
insert into aciona values (0, 'Entidade 93', 821239543);
insert into aciona values (1, 'Entidade 29', 76587369);
insert into aciona values (0, 'Entidade 10', 558218702);
insert into aciona values (2, 'Entidade 0', 227816469);
insert into aciona values (2, 'Entidade 47', 921614100);
insert into aciona values (1, 'Entidade 6', 940725801);
insert into aciona values (5, 'Entidade 52', 378101956);
insert into aciona values (2, 'Entidade 75', 944207168);
insert into aciona values (2, 'Entidade 3', 732809155);
insert into aciona values (2, 'Entidade 2', 662605851);
insert into aciona values (2, 'Entidade 18', 131811842);
insert into aciona values (1, 'Entidade 84', 272169727);
insert into aciona values (0, 'Entidade 26', 729579274);
insert into aciona values (1, 'Entidade 2', 998996435);
insert into aciona values (0, 'Entidade 59', 449276951);
insert into aciona values (0, 'Entidade 35', 944207168);
insert into aciona values (0, 'Entidade 59', 331487154);
insert into aciona values (2, 'Entidade 46', 687922731);
insert into aciona values (0, 'Entidade 80', 884721086);
insert into aciona values (1, 'Entidade 88', 314438324);
insert into aciona values (1, 'Entidade 80', 424271080);
insert into aciona values (0, 'Entidade 75', 593843152);
insert into aciona values (4, 'Entidade 31', 737821337);
insert into aciona values (5, 'Entidade 76', 412983708);
insert into aciona values (1, 'Entidade 93', 31459635);
insert into aciona values (0, 'Entidade 32', 564992759);
insert into aciona values (2, 'Entidade 65', 940725801);
insert into aciona values (0, 'Entidade 95', 401345034);
insert into aciona values (1, 'Entidade 31', 984963730);
insert into aciona values (5, 'Entidade 46', 942251540);
insert into aciona values (4, 'Entidade 46', 487219788);
insert into aciona values (0, 'Entidade 75', 564992759);
insert into aciona values (2, 'Entidade 43', 716953607);
insert into aciona values (0, 'Entidade 45', 272169727);
insert into aciona values (0, 'Entidade 48', 690565434);
insert into aciona values (2, 'Entidade 72', 732809155);
insert into aciona values (0, 'Entidade 55', 447767975);
insert into aciona values (1, 'Entidade 83', 175072300);
insert into aciona values (3, 'Entidade 29', 224268497);
insert into aciona values (0, 'Entidade 18', 173690075);
insert into aciona values (0, 'Entidade 73', 494739592);
insert into aciona values (0, 'Entidade 71', 562449087);
insert into aciona values (0, 'Entidade 66', 658323046);
insert into aciona values (2, 'Entidade 29', 802085280);
insert into aciona values (1, 'Entidade 9', 438973086);
insert into aciona values (5, 'Entidade 77', 165880114);
insert into aciona values (1, 'Entidade 73', 640910917);
insert into aciona values (5, 'Entidade 66', 558218702);
insert into aciona values (3, 'Entidade 14', 125775810);
insert into aciona values (5, 'Entidade 51', 331487154);
insert into aciona values (1, 'Entidade 92', 564992759);
insert into aciona values (2, 'Entidade 48', 750543034);
insert into aciona values (1, 'Entidade 63', 630755165);
insert into aciona values (0, 'Entidade 82', 197403536);
insert into aciona values (3, 'Entidade 77', 835629855);
insert into aciona values (3, 'Entidade 70', 494739592);
insert into aciona values (5, 'Entidade 3', 767839718);
insert into aciona values (3, 'Entidade 16', 514304891);
insert into aciona values (0, 'Entidade 61', 968149996);
insert into aciona values (2, 'Entidade 10', 630755165);
insert into aciona values (2, 'Entidade 65', 804218737);
insert into aciona values (2, 'Entidade 64', 976056163);
insert into aciona values (1, 'Entidade 55', 449276951);
insert into aciona values (2, 'Entidade 14', 232411204);
insert into aciona values (0, 'Entidade 81', 729579274);
insert into aciona values (1, 'Entidade 92', 978403889);
insert into aciona values (3, 'Entidade 72', 690565434);
insert into aciona values (1, 'Entidade 47', 884721086);
insert into aciona values (0, 'Entidade 23', 272169727);
insert into aciona values (1, 'Entidade 27', 31459635);
insert into aciona values (1, 'Entidade 53', 412983708);
insert into aciona values (3, 'Entidade 4', 690565434);
insert into aciona values (4, 'Entidade 46', 998996435);
insert into aciona values (0, 'Entidade 14', 447767975);
insert into aciona values (2, 'Entidade 47', 438973086);
insert into aciona values (0, 'Entidade 61', 165880114);
insert into aciona values (3, 'Entidade 0', 640910917);
insert into aciona values (3, 'Entidade 77', 976056163);
insert into aciona values (1, 'Entidade 1', 716953607);
insert into aciona values (1, 'Entidade 70', 42460152);
insert into aciona values (0, 'Entidade 33', 835629855);
insert into aciona values (2, 'Entidade 26', 578254328);
insert into aciona values (2, 'Entidade 75', 197403536);
insert into aciona values (2, 'Entidade 10', 621109468);
insert into aciona values (4, 'Entidade 46', 145793443);
insert into aciona values (0, 'Entidade 78', 743368595);
insert into aciona values (0, 'Entidade 30', 131811842);
insert into aciona values (0, 'Entidade 36', 331487154);
insert into aciona values (1, 'Entidade 47', 815513741);
insert into aciona values (0, 'Entidade 61', 343933153);
insert into aciona values (2, 'Entidade 57', 717168102);
insert into aciona values (2, 'Entidade 83', 821239543);
insert into aciona values (3, 'Entidade 57', 690565434);
insert into aciona values (0, 'Entidade 5', 662605851);
insert into aciona values (3, 'Entidade 52', 767839718);
insert into aciona values (2, 'Entidade 3', 514304891);
insert into aciona values (0, 'Entidade 3', 538993368);
insert into aciona values (0, 'Entidade 34', 412983708);
insert into aciona values (1, 'Entidade 80', 621109468);
insert into aciona values (1, 'Entidade 62', 21260854);
insert into aciona values (3, 'Entidade 10', 468460932);
insert into aciona values (2, 'Entidade 62', 232411204);
insert into aciona values (5, 'Entidade 51', 438973086);
insert into aciona values (0, 'Entidade 9', 657599449);
insert into aciona values (3, 'Entidade 92', 2606583);
insert into aciona values (1, 'Entidade 18', 538993368);
insert into aciona values (0, 'Entidade 28', 224268497);
insert into aciona values (3, 'Entidade 3', 175072300);
insert into aciona values (0, 'Entidade 31', 125775810);
insert into aciona values (4, 'Entidade 48', 921614100);
insert into aciona values (1, 'Entidade 36', 940725801);
insert into aciona values (2, 'Entidade 62', 538993368);
insert into aciona values (2, 'Entidade 8', 42460152);
insert into aciona values (0, 'Entidade 25', 984963730);
insert into aciona values (3, 'Entidade 4', 352604639);
insert into aciona values (1, 'Entidade 80', 352604639);
insert into aciona values (3, 'Entidade 3', 165880114);
insert into aciona values (4, 'Entidade 92', 424271080);
insert into aciona values (0, 'Entidade 47', 578254328);
insert into aciona values (2, 'Entidade 83', 175072300);
insert into aciona values (5, 'Entidade 4', 956746310);
insert into aciona values (1, 'Entidade 54', 45161274);
insert into aciona values (2, 'Entidade 50', 331487154);
insert into aciona values (1, 'Entidade 15', 333679782);
insert into aciona values (0, 'Entidade 45', 616884671);
insert into aciona values (0, 'Entidade 43', 621109468);
insert into aciona values (3, 'Entidade 52', 687922731);
insert into aciona values (4, 'Entidade 66', 396536428);
insert into aciona values (2, 'Entidade 71', 766172800);
insert into aciona values (1, 'Entidade 32', 776961531);
insert into aciona values (3, 'Entidade 62', 822586904);
insert into aciona values (5, 'Entidade 11', 562449087);
insert into aciona values (2, 'Entidade 27', 2606583);
insert into aciona values (3, 'Entidade 11', 921614100);
insert into aciona values (2, 'Entidade 52', 125775810);
insert into aciona values (0, 'Entidade 33', 729579274);
insert into aciona values (2, 'Entidade 31', 743368595);
insert into aciona values (4, 'Entidade 29', 224268497);
insert into aciona values (1, 'Entidade 60', 558218702);
insert into aciona values (3, 'Entidade 81', 447767975);
insert into aciona values (1, 'Entidade 96', 66948638);
insert into aciona values (0, 'Entidade 88', 564992759);
insert into aciona values (2, 'Entidade 22', 884721086);
insert into aciona values (0, 'Entidade 72', 378101956);
insert into aciona values (0, 'Entidade 75', 923005895);
insert into aciona values (1, 'Entidade 58', 511609329);
insert into aciona values (2, 'Entidade 8', 355667045);
insert into aciona values (3, 'Entidade 4', 333679782);
insert into aciona values (1, 'Entidade 48', 978403889);
insert into aciona values (1, 'Entidade 22', 66948638);
insert into aciona values (0, 'Entidade 48', 562449087);
insert into aciona values (2, 'Entidade 14', 766172800);
insert into aciona values (1, 'Entidade 35', 401345034);
insert into aciona values (4, 'Entidade 81', 424271080);
insert into aciona values (1, 'Entidade 88', 884721086);
insert into aciona values (1, 'Entidade 14', 658323046);
insert into aciona values (1, 'Entidade 19', 732809155);
insert into aciona values (1, 'Entidade 53', 165880114);
insert into aciona values (1, 'Entidade 64', 333679782);
insert into aciona values (1, 'Entidade 50', 424271080);
insert into aciona values (2, 'Entidade 32', 593843152);
insert into aciona values (3, 'Entidade 65', 836833412);
insert into aciona values (0, 'Entidade 89', 564992759);
insert into aciona values (0, 'Entidade 26', 42460152);
insert into aciona values (2, 'Entidade 27', 252770030);
insert into aciona values (0, 'Entidade 65', 42460152);
insert into aciona values (3, 'Entidade 26', 352604639);
insert into aciona values (3, 'Entidade 10', 732809155);
insert into aciona values (1, 'Entidade 14', 662605851);
insert into aciona values (4, 'Entidade 14', 716953607);
insert into aciona values (4, 'Entidade 31', 804218737);
insert into aciona values (1, 'Entidade 4', 447767975);
insert into aciona values (3, 'Entidade 52', 343933153);
insert into aciona values (1, 'Entidade 35', 447767975);
insert into aciona values (0, 'Entidade 4', 822586904);

insert into transporta values (2, 'Entidade 64', 4, 978403889);
insert into transporta values (0, 'Entidade 27', 1, 396536428);
insert into transporta values (0, 'Entidade 31', 0, 630755165);
insert into transporta values (0, 'Entidade 95', 4, 2606583);
insert into transporta values (1, 'Entidade 9', 1, 301967173);
insert into transporta values (0, 'Entidade 22', 1, 815513741);
insert into transporta values (2, 'Entidade 95', 3, 716953607);
insert into transporta values (3, 'Entidade 26', 1, 822586904);
insert into transporta values (0, 'Entidade 10', 2, 412983708);
insert into transporta values (0, 'Entidade 66', 5, 265893702);
insert into transporta values (4, 'Entidade 66', 2, 923005895);
insert into transporta values (5, 'Entidade 46', 2, 994395702);
insert into transporta values (0, 'Entidade 30', 3, 31459635);
insert into transporta values (0, 'Entidade 11', 4, 835629855);
insert into transporta values (2, 'Entidade 58', 5, 991431293);
insert into transporta values (1, 'Entidade 98', 3, 815513741);
insert into transporta values (2, 'Entidade 57', 0, 399677414);
insert into transporta values (3, 'Entidade 54', 0, 743368595);
insert into transporta values (0, 'Entidade 45', 4, 821239543);
insert into transporta values (2, 'Entidade 10', 3, 630755165);
insert into transporta values (1, 'Entidade 46', 3, 984963730);
insert into transporta values (1, 'Entidade 86', 5, 306157543);
insert into transporta values (4, 'Entidade 48', 3, 76587369);
insert into transporta values (2, 'Entidade 77', 0, 449276951);
insert into transporta values (4, 'Entidade 10', 3, 717168102);
insert into transporta values (4, 'Entidade 0', 1, 145793443);
insert into transporta values (4, 'Entidade 10', 5, 767839718);
insert into transporta values (0, 'Entidade 1', 3, 165880114);
insert into transporta values (1, 'Entidade 43', 0, 355667045);
insert into transporta values (0, 'Entidade 82', 3, 412983708);
insert into transporta values (0, 'Entidade 72', 2, 835629855);
insert into transporta values (2, 'Entidade 26', 2, 630755165);
insert into transporta values (0, 'Entidade 54', 2, 155807370);
insert into transporta values (2, 'Entidade 48', 0, 690565434);
insert into transporta values (0, 'Entidade 72', 5, 717168102);
insert into transporta values (2, 'Entidade 10', 4, 252770030);
insert into transporta values (1, 'Entidade 81', 1, 743368595);
insert into transporta values (2, 'Entidade 2', 0, 66948638);
insert into transporta values (2, 'Entidade 50', 3, 213739906);
insert into transporta values (0, 'Entidade 36', 5, 131811842);
insert into transporta values (0, 'Entidade 54', 2, 776961531);
insert into transporta values (4, 'Entidade 14', 5, 265893702);
insert into transporta values (0, 'Entidade 10', 5, 776961531);
insert into transporta values (2, 'Entidade 2', 0, 2606583);
insert into transporta values (0, 'Entidade 77', 5, 804218737);
insert into transporta values (0, 'Entidade 15', 0, 807972887);
insert into transporta values (1, 'Entidade 27', 0, 657599449);
insert into transporta values (5, 'Entidade 47', 5, 468460932);
insert into transporta values (2, 'Entidade 27', 1, 822586904);
insert into transporta values (4, 'Entidade 27', 1, 690565434);
insert into transporta values (5, 'Entidade 46', 5, 197403536);
insert into transporta values (0, 'Entidade 77', 3, 616884671);
insert into transporta values (4, 'Entidade 4', 2, 976056163);
insert into transporta values (0, 'Entidade 28', 2, 564992759);
insert into transporta values (0, 'Entidade 10', 1, 593843152);
insert into transporta values (2, 'Entidade 26', 0, 807972887);
insert into transporta values (0, 'Entidade 28', 2, 729579274);
insert into transporta values (1, 'Entidade 1', 0, 173690075);
insert into transporta values (2, 'Entidade 29', 0, 863384463);
insert into transporta values (3, 'Entidade 4', 2, 837349919);
insert into transporta values (0, 'Entidade 27', 1, 952900828);
insert into transporta values (2, 'Entidade 58', 4, 155807370);
insert into transporta values (2, 'Entidade 71', 2, 821239543);
insert into transporta values (0, 'Entidade 59', 1, 690565434);
insert into transporta values (4, 'Entidade 48', 1, 658323046);
insert into transporta values (3, 'Entidade 62', 1, 804218737);
insert into transporta values (0, 'Entidade 2', 3, 145793443);
insert into transporta values (1, 'Entidade 25', 3, 729579274);
insert into transporta values (0, 'Entidade 50', 0, 331487154);
insert into transporta values (3, 'Entidade 14', 4, 956746310);
insert into transporta values (3, 'Entidade 52', 3, 66948638);
insert into transporta values (3, 'Entidade 92', 1, 265893702);
insert into transporta values (1, 'Entidade 86', 0, 994395702);
insert into transporta values (0, 'Entidade 90', 5, 145793443);
insert into transporta values (3, 'Entidade 52', 2, 940725801);
insert into transporta values (0, 'Entidade 52', 0, 449276951);
insert into transporta values (3, 'Entidade 76', 4, 836833412);
insert into transporta values (4, 'Entidade 14', 3, 66948638);
insert into transporta values (0, 'Entidade 55', 0, 976056163);
insert into transporta values (1, 'Entidade 83', 1, 378101956);
insert into transporta values (0, 'Entidade 19', 5, 145793443);
insert into transporta values (1, 'Entidade 33', 2, 355667045);
insert into transporta values (1, 'Entidade 33', 4, 173690075);
insert into transporta values (1, 'Entidade 88', 2, 272169727);
insert into transporta values (0, 'Entidade 22', 5, 331487154);
insert into transporta values (5, 'Entidade 52', 4, 994395702);
insert into transporta values (1, 'Entidade 53', 2, 285313448);
insert into transporta values (2, 'Entidade 95', 4, 868741836);
insert into transporta values (1, 'Entidade 14', 1, 125775810);
insert into transporta values (1, 'Entidade 36', 1, 662605851);
insert into transporta values (2, 'Entidade 95', 2, 991431293);
insert into transporta values (0, 'Entidade 27', 5, 562449087);
insert into transporta values (0, 'Entidade 27', 5, 998996435);
insert into transporta values (0, 'Entidade 26', 3, 468460932);
insert into transporta values (0, 'Entidade 37', 0, 76587369);
insert into transporta values (1, 'Entidade 29', 1, 227816469);
insert into transporta values (1, 'Entidade 60', 4, 8614261);
insert into transporta values (1, 'Entidade 83', 5, 716953607);
insert into transporta values (2, 'Entidade 48', 2, 836833412);


insert into alocado values (0, 'Entidade 78', 3, 732809155);
insert into alocado values (1, 'Entidade 8', 3, 21260854);
insert into alocado values (0, 'Entidade 31', 5, 802085280);
insert into alocado values (1, 'Entidade 23', 5, 31459635);
insert into alocado values (2, 'Entidade 72', 5, 940725801);
insert into alocado values (1, 'Entidade 23', 2, 412983708);
insert into alocado values (0, 'Entidade 87', 2, 401345034);
insert into alocado values (1, 'Entidade 32', 3, 802085280);
insert into alocado values (0, 'Entidade 13', 2, 766172800);
insert into alocado values (4, 'Entidade 10', 0, 978403889);
insert into alocado values (5, 'Entidade 76', 3, 593843152);
insert into alocado values (4, 'Entidade 47', 5, 940725801);
insert into alocado values (3, 'Entidade 3', 3, 776961531);
insert into alocado values (1, 'Entidade 6', 4, 621109468);
insert into alocado values (2, 'Entidade 8', 0, 558218702);
insert into alocado values (1, 'Entidade 64', 0, 511609329);
insert into alocado values (0, 'Entidade 92', 1, 438973086);
insert into alocado values (0, 'Entidade 63', 5, 835629855);
insert into alocado values (4, 'Entidade 76', 5, 224268497);
insert into alocado values (0, 'Entidade 61', 2, 923005895);
insert into alocado values (0, 'Entidade 30', 2, 766172800);
insert into alocado values (0, 'Entidade 78', 2, 578254328);
insert into alocado values (3, 'Entidade 58', 2, 31459635);
insert into alocado values (4, 'Entidade 81', 0, 868741836);
insert into alocado values (2, 'Entidade 11', 2, 511609329);
insert into alocado values (3, 'Entidade 31', 2, 804218737);
insert into alocado values (1, 'Entidade 73', 4, 378101956);
insert into alocado values (0, 'Entidade 61', 3, 352604639);
insert into alocado values (2, 'Entidade 22', 2, 807972887);
insert into alocado values (1, 'Entidade 23', 3, 776961531);
insert into alocado values (5, 'Entidade 3', 4, 998996435);
insert into alocado values (2, 'Entidade 62', 3, 837349919);
insert into alocado values (0, 'Entidade 86', 4, 173690075);
insert into alocado values (2, 'Entidade 36', 0, 333679782);
insert into alocado values (2, 'Entidade 75', 0, 145793443);
insert into alocado values (5, 'Entidade 0', 1, 487219788);
insert into alocado values (5, 'Entidade 92', 4, 640910917);
insert into alocado values (3, 'Entidade 3', 5, 662605851);
insert into alocado values (3, 'Entidade 80', 0, 131811842);
insert into alocado values (1, 'Entidade 9', 0, 399677414);
insert into alocado values (0, 'Entidade 86', 4, 942251540);
insert into alocado values (0, 'Entidade 35', 5, 821239543);
insert into alocado values (0, 'Entidade 90', 5, 468460932);
insert into alocado values (1, 'Entidade 57', 1, 956746310);
insert into alocado values (0, 'Entidade 75', 0, 412983708);
insert into alocado values (0, 'Entidade 98', 2, 8614261);
insert into alocado values (0, 'Entidade 7', 4, 165880114);
insert into alocado values (5, 'Entidade 51', 5, 131811842);
insert into alocado values (0, 'Entidade 96', 1, 940725801);
insert into alocado values (3, 'Entidade 31', 1, 750543034);
insert into alocado values (0, 'Entidade 71', 1, 301967173);
insert into alocado values (3, 'Entidade 64', 3, 306157543);
insert into alocado values (3, 'Entidade 62', 2, 956746310);
insert into alocado values (2, 'Entidade 36', 2, 173690075);
insert into alocado values (0, 'Entidade 31', 1, 487219788);
insert into alocado values (1, 'Entidade 78', 1, 145793443);
insert into alocado values (4, 'Entidade 4', 5, 630755165);
insert into alocado values (4, 'Entidade 29', 5, 884721086);
insert into alocado values (1, 'Entidade 54', 5, 837349919);
insert into alocado values (3, 'Entidade 72', 5, 835629855);
insert into alocado values (3, 'Entidade 60', 2, 343933153);
insert into alocado values (1, 'Entidade 73', 3, 272169727);
insert into alocado values (0, 'Entidade 90', 0, 45161274);
insert into alocado values (4, 'Entidade 10', 4, 447767975);
insert into alocado values (2, 'Entidade 14', 4, 836833412);
insert into alocado values (1, 'Entidade 35', 5, 717168102);
insert into alocado values (2, 'Entidade 0', 4, 921614100);
insert into alocado values (0, 'Entidade 20', 2, 396536428);
insert into alocado values (1, 'Entidade 63', 5, 232411204);
insert into alocado values (5, 'Entidade 76', 5, 538993368);
insert into alocado values (2, 'Entidade 64', 2, 630755165);
insert into alocado values (0, 'Entidade 61', 2, 776961531);
insert into alocado values (4, 'Entidade 31', 1, 412983708);
insert into alocado values (0, 'Entidade 70', 0, 994395702);
insert into alocado values (0, 'Entidade 86', 1, 558218702);
insert into alocado values (4, 'Entidade 11', 0, 564992759);
insert into alocado values (0, 'Entidade 75', 0, 766172800);
insert into alocado values (0, 'Entidade 36', 4, 213739906);
insert into alocado values (3, 'Entidade 60', 3, 952900828);
insert into alocado values (4, 'Entidade 14', 4, 804218737);
insert into alocado values (2, 'Entidade 22', 4, 732809155);
insert into alocado values (0, 'Entidade 62', 0, 716953607);
insert into alocado values (0, 'Entidade 44', 2, 994395702);
insert into alocado values (4, 'Entidade 31', 4, 732809155);
insert into alocado values (0, 'Entidade 79', 1, 776961531);
insert into alocado values (4, 'Entidade 47', 3, 755203792);
insert into alocado values (1, 'Entidade 15', 0, 807972887);
insert into alocado values (1, 'Entidade 94', 4, 173690075);
insert into alocado values (2, 'Entidade 76', 4, 514304891);
insert into alocado values (1, 'Entidade 54', 0, 952900828);
insert into alocado values (2, 'Entidade 64', 5, 438973086);
insert into alocado values (0, 'Entidade 16', 1, 822586904);
insert into alocado values (1, 'Entidade 94', 3, 755203792);
insert into alocado values (2, 'Entidade 23', 5, 378101956);
insert into alocado values (1, 'Entidade 94', 2, 494739592);
insert into alocado values (3, 'Entidade 60', 0, 658611114);
insert into alocado values (4, 'Entidade 81', 1, 564992759);
insert into alocado values (2, 'Entidade 76', 4, 776961531);
insert into alocado values (2, 'Entidade 6', 2, 815513741);
insert into alocado values (3, 'Entidade 14', 5, 224268497);
insert into alocado values (0, 'Entidade 4',8, 822586904);


insert into coordenador values (0);
insert into coordenador values (1);
insert into coordenador values (2);
insert into coordenador values (3);
insert into coordenador values (4);
insert into coordenador values (5);
insert into coordenador values (6);
insert into coordenador values (7);
insert into coordenador values (8);
insert into coordenador values (9);
insert into coordenador values (10);
insert into coordenador values (11);
insert into coordenador values (12);
insert into coordenador values (13);
insert into coordenador values (14);
insert into coordenador values (15);
insert into coordenador values (16);
insert into coordenador values (17);
insert into coordenador values (18);
insert into coordenador values (19);
insert into coordenador values (20);
insert into coordenador values (21);
insert into coordenador values (22);
insert into coordenador values (23);
insert into coordenador values (24);
insert into coordenador values (25);
insert into coordenador values (26);
insert into coordenador values (27);
insert into coordenador values (28);
insert into coordenador values (29);
insert into coordenador values (30);
insert into coordenador values (31);
insert into coordenador values (32);
insert into coordenador values (33);
insert into coordenador values (34);
insert into coordenador values (35);
insert into coordenador values (36);
insert into coordenador values (37);
insert into coordenador values (38);
insert into coordenador values (39);
insert into coordenador values (40);
insert into coordenador values (41);
insert into coordenador values (42);
insert into coordenador values (43);
insert into coordenador values (44);
insert into coordenador values (45);
insert into coordenador values (46);
insert into coordenador values (47);
insert into coordenador values (48);
insert into coordenador values (49);
insert into coordenador values (50);
insert into coordenador values (51);
insert into coordenador values (52);
insert into coordenador values (53);
insert into coordenador values (54);
insert into coordenador values (55);
insert into coordenador values (56);
insert into coordenador values (57);
insert into coordenador values (58);
insert into coordenador values (59);
insert into coordenador values (60);
insert into coordenador values (61);
insert into coordenador values (62);
insert into coordenador values (63);
insert into coordenador values (64);
insert into coordenador values (65);
insert into coordenador values (66);
insert into coordenador values (67);
insert into coordenador values (68);
insert into coordenador values (69);
insert into coordenador values (70);
insert into coordenador values (71);
insert into coordenador values (72);
insert into coordenador values (73);
insert into coordenador values (74);
insert into coordenador values (75);
insert into coordenador values (76);
insert into coordenador values (77);
insert into coordenador values (78);
insert into coordenador values (79);
insert into coordenador values (80);
insert into coordenador values (81);
insert into coordenador values (82);
insert into coordenador values (83);
insert into coordenador values (84);
insert into coordenador values (85);
insert into coordenador values (86);
insert into coordenador values (87);
insert into coordenador values (88);
insert into coordenador values (89);
insert into coordenador values (90);
insert into coordenador values (91);
insert into coordenador values (92);
insert into coordenador values (93);
insert into coordenador values (94);
insert into coordenador values (95);
insert into coordenador values (96);
insert into coordenador values (97);
insert into coordenador values (98);
insert into coordenador values (99);


insert into audita values (11, '2', 'Entidade 80', 952900828, '2018-03-24 12:24:27', '2018-09-30 02:41:05', '2018-03-15 18:01:49', 'XPTO');
insert into audita values (36, '2', 'Entidade 6', 978403889, '2018-02-17 05:58:14', '2018-06-16 04:06:05', '2018-02-23 06:53:32', 'XPTO');
insert into audita values (50, '3', 'Entidade 10', 732809155, '2018-05-14 18:50:42', '2018-07-28 15:36:31', '2018-06-01 22:51:41', 'XPTO');
insert into audita values (84, '0', 'Entidade 72', 732809155, '2018-03-18 18:33:24', '2018-10-25 22:04:42', '2018-07-18 15:01:02', 'XPTO');
insert into audita values (55, '0', 'Entidade 54', 717168102, '2018-05-26 22:04:38', '2018-10-24 15:15:57', '2018-01-24 03:40:05', 'XPTO');
insert into audita values (78, '3', 'Entidade 72', 690565434, '2018-02-04 12:38:45', '2018-07-10 11:11:18', '2018-05-30 06:22:12', 'XPTO');
insert into audita values (35, '0', 'Entidade 62', 514304891, '2018-01-16 13:37:35', '2018-03-30 11:21:52', '2018-07-30 10:39:43', 'XPTO');
insert into audita values (19, '2', 'Entidade 2', 662605851, '2018-01-20 18:34:09', '2018-03-22 23:58:31', '2018-07-24 12:23:42', 'XPTO');
insert into audita values (94, '0', 'Entidade 31', 991431293, '2018-06-04 14:23:54', '2018-11-14 09:13:48', '2018-02-10 23:58:57', 'XPTO');
insert into audita values (64, '0', 'Entidade 10', 558218702, '2018-03-01 17:39:02', '2018-07-17 20:49:03', '2018-04-17 04:14:29', 'XPTO');
insert into audita values (25, '1', 'Entidade 46', 2606583, '2018-02-02 03:39:49', '2018-07-29 14:03:10', '2018-07-10 08:25:14', 'XPTO');
insert into audita values (60, '4', 'Entidade 52', 438973086, '2018-02-24 10:52:03', '2018-10-02 01:58:52', '2018-04-08 07:39:22', 'XPTO');
insert into audita values (60, '0', 'Entidade 72', 732809155, '2018-01-22 19:06:43', '2018-10-01 23:58:09', '2018-04-08 04:26:54', 'XPTO');
insert into audita values (33, '1', 'Entidade 79', 994395702, '2018-03-31 18:47:29', '2018-11-29 06:42:24', '2018-08-27 04:39:06', 'XPTO');
insert into audita values (38, '1', 'Entidade 76', 272169727, '2018-02-08 22:01:47', '2018-08-09 23:45:59', '2018-07-08 03:26:40', 'XPTO');
insert into audita values (75, '3', 'Entidade 4', 766172800, '2018-01-09 20:29:28', '2018-07-15 01:06:16', '2018-05-21 18:37:29', 'XPTO');
insert into audita values (9, '0', 'Entidade 3', 802085280, '2018-01-23 10:16:33', '2018-11-30 19:52:20', '2018-08-11 16:38:24', 'XPTO');
insert into audita values (13, '1', 'Entidade 80', 352604639, '2018-07-30 06:13:39', '2018-09-12 18:48:54', '2018-08-01 03:34:03', 'XPTO');
insert into audita values (33, '1', 'Entidade 58', 227816469, '2018-06-01 08:28:09', '2018-09-30 08:01:42', '2018-10-31 18:26:01', 'XPTO');
insert into audita values (79, '2', 'Entidade 18', 884721086, '2018-03-04 22:34:14', '2018-05-13 19:43:09', '2018-10-29 20:22:44', 'XPTO');
insert into audita values (58, '0', 'Entidade 52', 837349919, '2018-01-15 17:02:48', '2018-07-02 08:48:47', '2018-02-15 10:58:09', 'XPTO');
insert into audita values (3, '0', 'Entidade 76', 468460932, '2018-06-17 22:58:25', '2018-11-12 12:51:58', '2018-07-14 11:47:29', 'XPTO');
insert into audita values (99, '0', 'Entidade 73', 331487154, '2018-02-18 02:02:29', '2018-10-14 08:48:48', '2018-11-21 06:37:23', 'XPTO');
insert into audita values (36, '2', 'Entidade 48', 750543034, '2018-04-30 11:46:19', '2018-08-09 15:11:15', '2018-07-25 06:10:27', 'XPTO');
insert into audita values (68, '0', 'Entidade 72', 378101956, '2018-02-06 16:41:57', '2018-07-06 23:26:19', '2018-09-13 16:54:24', 'XPTO');
insert into audita values (16, '1', 'Entidade 34', 227816469, '2018-02-15 19:02:55', '2018-11-08 06:14:37', '2018-07-24 21:52:42', 'XPTO');
insert into audita values (88, '3', 'Entidade 77', 976056163, '2018-01-18 21:18:26', '2018-09-25 01:51:28', '2018-02-11 08:36:13', 'XPTO');
insert into audita values (70, '4', 'Entidade 51', 197403536, '2018-02-17 15:18:11', '2018-07-30 09:17:26', '2018-04-14 07:52:43', 'XPTO');
insert into audita values (14, '1', 'Entidade 20', 640910917, '2018-03-29 12:44:04', '2018-05-27 15:38:39', '2018-06-24 08:03:29', 'XPTO');
insert into audita values (4, '0', 'Entidade 65', 42460152, '2018-04-14 11:36:55', '2018-05-31 09:51:06', '2018-05-19 09:03:59', 'XPTO');
insert into audita values (58, '4', 'Entidade 52', 438973086, '2018-04-27 05:12:35', '2018-11-02 20:02:28', '2018-02-10 09:18:22', 'XPTO');
insert into audita values (43, '2', 'Entidade 18', 131811842, '2018-04-15 04:51:22', '2018-11-06 16:17:30', '2018-11-23 20:21:41', 'XPTO');
insert into audita values (61, '1', 'Entidade 63', 630755165, '2018-01-01 18:39:31', '2018-11-04 16:39:41', '2018-04-01 10:46:27', 'XPTO');
insert into audita values (37, '0', 'Entidade 80', 399677414, '2018-07-16 14:20:15', '2018-10-27 08:52:12', '2018-01-06 07:42:07', 'XPTO');
insert into audita values (46, '1', 'Entidade 27', 31459635, '2018-02-22 03:25:12', '2018-08-17 07:23:41', '2018-10-03 06:38:43', 'XPTO');
insert into audita values (52, '1', 'Entidade 63', 630755165, '2018-01-01 06:35:29', '2018-02-09 14:12:15', '2018-09-18 17:46:14', 'XPTO');
insert into audita values (0, '2', 'Entidade 71', 766172800, '2018-01-18 17:01:45', '2018-09-12 05:34:47', '2018-07-08 23:48:20', 'XPTO');
insert into audita values (23, '1', 'Entidade 27', 31459635, '2018-06-13 08:53:34', '2018-08-16 14:44:38', '2018-06-25 09:45:27', 'XPTO');
insert into audita values (85, '0', 'Entidade 90', 131811842, '2018-02-25 03:34:06', '2018-10-05 08:45:30', '2018-08-17 02:52:26', 'XPTO');
insert into audita values (36, '1', 'Entidade 58', 717168102, '2018-04-13 02:19:06', '2018-10-24 03:26:11', '2018-09-25 17:27:47', 'XPTO');
insert into audita values (87, '2', 'Entidade 47', 438973086, '2018-06-03 04:27:43', '2018-10-03 05:22:22', '2018-09-16 11:26:05', 'XPTO');
insert into audita values (12, '2', 'Entidade 29', 802085280, '2018-04-22 01:54:37', '2018-11-30 08:03:05', '2018-07-02 01:54:01', 'XPTO');
insert into audita values (13, '1', 'Entidade 29', 155807370, '2018-01-16 12:15:49', '2018-05-16 03:23:56', '2018-10-14 01:13:51', 'XPTO');
insert into audita values (33, '0', 'Entidade 37', 743368595, '2018-07-19 17:16:12', '2018-10-16 06:38:01', '2018-02-01 17:45:24', 'XPTO');
insert into audita values (59, '2', 'Entidade 62', 494739592, '2018-06-01 03:34:37', '2018-08-24 16:49:32', '2018-11-26 07:18:10', 'XPTO');
insert into audita values (7, '3', 'Entidade 11', 66948638, '2018-07-27 21:19:52', '2018-11-22 01:39:26', '2018-10-17 08:55:22', 'XPTO');
insert into audita values (92, '2', 'Entidade 51', 657599449, '2018-05-22 14:27:38', '2018-11-04 06:06:39', '2018-01-24 21:16:46', 'XPTO');
insert into audita values (60, '2', 'Entidade 26', 994395702, '2018-11-17 20:21:29', '2018-11-25 07:28:17', '2018-01-28 09:04:30', 'XPTO');
insert into audita values (58, '3', 'Entidade 37', 952900828, '2018-01-26 04:49:11', '2018-09-26 23:29:36', '2018-05-03 07:34:58', 'XPTO');
insert into audita values (25, '0', 'Entidade 31', 125775810, '2018-10-18 23:59:36', '2018-11-06 19:16:19', '2018-04-15 14:26:02', 'XPTO');
insert into audita values (91, '3', 'Entidade 18', 804218737, '2018-07-16 04:12:44', '2018-10-28 08:39:23', '2018-04-07 03:11:37', 'XPTO');
insert into audita values (79, '4', 'Entidade 66', 31459635, '2018-06-19 02:05:13', '2018-09-21 01:04:43', '2018-04-11 10:55:47', 'XPTO');
insert into audita values (37, '0', 'Entidade 9', 657599449, '2018-04-08 11:41:17', '2018-10-07 10:09:05', '2018-04-13 15:11:36', 'XPTO');
insert into audita values (12, '0', 'Entidade 80', 399677414, '2018-10-13 18:23:18', '2018-11-23 06:29:57', '2018-11-03 02:50:54', 'XPTO');
insert into audita values (18, '0', 'Entidade 3', 802085280, '2018-05-09 11:25:16', '2018-11-29 13:30:44', '2018-01-15 03:51:49', 'XPTO');
insert into audita values (94, '4', 'Entidade 92', 424271080, '2018-01-09 03:13:10', '2018-07-19 22:41:55', '2018-10-17 06:55:42', 'XPTO');
insert into audita values (1, '0', 'Entidade 61', 968149996, '2018-03-16 13:45:12', '2018-11-16 23:47:59', '2018-07-24 04:59:21', 'XPTO');
insert into audita values (6, '1', 'Entidade 96', 868741836, '2018-03-01 18:27:58', '2018-10-23 20:37:43', '2018-10-17 03:18:39', 'XPTO');
insert into audita values (78, '1', 'Entidade 35', 447767975, '2018-01-18 17:13:15', '2018-10-04 02:47:35', '2018-08-31 10:57:03', 'XPTO');
insert into audita values (90, '3', 'Entidade 10', 804218737, '2018-03-05 02:22:16', '2018-09-16 01:13:25', '2018-10-19 20:54:18', 'XPTO');
insert into audita values (61, '4', 'Entidade 31', 804218737, '2018-07-12 11:47:13', '2018-09-01 22:33:52', '2018-11-19 22:36:43', 'XPTO');
insert into audita values (5, '0', 'Entidade 50', 468460932, '2018-05-09 07:47:05', '2018-10-06 21:38:05', '2018-07-24 07:33:09', 'XPTO');
insert into audita values (20, '2', 'Entidade 98', 355667045, '2018-02-16 11:48:16', '2018-11-05 10:20:34', '2018-09-21 01:30:45', 'XPTO');
insert into audita values (19, '2', 'Entidade 34', 399677414, '2018-09-17 09:41:41', '2018-11-20 11:43:08', '2018-07-30 02:36:13', 'XPTO');
insert into audita values (10, '0', 'Entidade 9', 657599449, '2018-05-23 22:02:51', '2018-10-16 09:26:32', '2018-02-19 21:22:11', 'XPTO');
insert into audita values (51, '1', 'Entidade 55', 449276951, '2018-02-26 23:34:52', '2018-09-09 16:19:54', '2018-05-23 15:15:22', 'XPTO');
insert into audita values (58, '0', 'Entidade 76', 468460932, '2018-04-06 12:52:49', '2018-08-27 09:31:15', '2018-04-09 21:38:46', 'XPTO');
insert into audita values (5, '3', 'Entidade 95', 978403889, '2018-02-08 21:41:09', '2018-07-03 15:11:29', '2018-09-10 09:53:16', 'XPTO');
insert into audita values (29, '5', 'Entidade 52', 378101956, '2018-03-02 20:45:27', '2018-03-31 11:41:27', '2018-11-27 15:29:56', 'XPTO');
insert into audita values (39, '1', 'Entidade 29', 155807370, '2018-01-22 01:57:58', '2018-04-24 01:42:39', '2018-07-30 04:09:47', 'XPTO');
insert into audita values (29, '1', 'Entidade 15', 333679782, '2018-03-03 19:53:31', '2018-11-12 21:02:03', '2018-02-05 17:12:36', 'XPTO');
insert into audita values (49, '3', 'Entidade 16', 514304891, '2018-01-06 14:09:52', '2018-07-17 13:35:05', '2018-11-26 10:38:24', 'XPTO');
insert into audita values (30, '0', 'Entidade 3', 538993368, '2018-01-11 01:33:54', '2018-06-02 11:25:34', '2018-02-12 13:31:24', 'XPTO');
insert into audita values (59, '4', 'Entidade 46', 998996435, '2018-01-28 03:49:08', '2018-08-29 17:46:04', '2018-07-28 04:18:55', 'XPTO');
insert into audita values (13, '3', 'Entidade 77', 976056163, '2018-01-02 09:57:56', '2018-10-06 23:13:01', '2018-01-05 09:39:26', 'XPTO');
insert into audita values (47, '3', 'Entidade 10', 804218737, '2018-02-06 01:01:34', '2018-11-02 15:11:53', '2018-07-31 13:49:39', 'XPTO');
insert into audita values (97, '0', 'Entidade 19', 835629855, '2018-02-26 21:06:58', '2018-09-02 13:06:44', '2018-05-09 10:49:36', 'XPTO');
insert into audita values (31, '2', 'Entidade 47', 921614100, '2018-03-02 06:32:25', '2018-11-05 20:49:09', '2018-04-28 20:13:59', 'XPTO');
insert into audita values (78, '0', 'Entidade 62', 514304891, '2018-01-23 03:58:20', '2018-06-16 14:08:11', '2018-10-21 07:32:35', 'XPTO');
insert into audita values (23, '0', 'Entidade 47', 578254328, '2018-01-02 19:02:12', '2018-08-29 14:29:38', '2018-06-28 01:01:15', 'XPTO');
insert into audita values (98, '2', 'Entidade 58', 952900828, '2018-05-17 06:12:54', '2018-10-01 19:27:34', '2018-10-07 11:39:17', 'XPTO');
insert into audita values (47, '0', 'Entidade 48', 562449087, '2018-02-26 09:20:01', '2018-11-20 16:10:10', '2018-09-13 22:25:34', 'XPTO');
insert into audita values (21, '1', 'Entidade 31', 984963730, '2018-06-04 07:16:49', '2018-11-22 14:38:26', '2018-03-21 17:12:22', 'XPTO');
insert into audita values (51, '1', 'Entidade 76', 272169727, '2018-02-17 21:32:17', '2018-07-07 15:55:19', '2018-04-16 10:32:17', 'XPTO');
insert into audita values (66, '5', 'Entidade 54', 750543034, '2018-04-21 20:13:37', '2018-08-25 05:19:01', '2018-01-22 03:03:08', 'XPTO');
insert into audita values (10, '0', 'Entidade 25', 984963730, '2018-07-06 18:11:27', '2018-11-12 11:27:44', '2018-01-29 20:57:15', 'XPTO');
insert into audita values (12, '0', 'Entidade 75', 593843152, '2018-06-14 04:11:28', '2018-10-09 19:04:28', '2018-09-22 07:25:17', 'XPTO');
insert into audita values (0, '3', 'Entidade 10', 511609329, '2018-01-02 16:22:31', '2018-05-27 06:33:13', '2018-07-22 06:11:19', 'XPTO');
insert into audita values (29, '1', 'Entidade 73', 640910917, '2018-03-03 09:21:42', '2018-06-28 10:40:54', '2018-10-17 12:24:29', 'XPTO');
insert into audita values (23, '1', 'Entidade 5', 449276951, '2018-02-04 10:21:17', '2018-07-16 08:41:03', '2018-10-30 08:46:08', 'XPTO');
insert into audita values (36, '3', 'Entidade 77', 976056163, '2018-02-19 23:48:09', '2018-09-01 15:44:21', '2018-08-29 06:14:26', 'XPTO');
insert into audita values (89, '0', 'Entidade 95', 401345034, '2018-03-18 22:25:48', '2018-04-03 02:42:07', '2018-03-21 16:10:27', 'XPTO');
insert into audita values (25, '1', 'Entidade 14', 658323046, '2018-04-15 22:11:44', '2018-06-21 16:56:21', '2018-07-13 05:56:09', 'XPTO');
insert into audita values (37, '1', 'Entidade 47', 815513741, '2018-02-06 14:18:54', '2018-08-10 14:22:16', '2018-02-27 12:12:18', 'XPTO');
insert into audita values (52, '2', 'Entidade 83', 175072300, '2018-02-19 06:43:16', '2018-10-25 18:08:38', '2018-01-28 20:56:22', 'XPTO');
insert into audita values (54, '3', 'Entidade 27', 658323046, '2018-01-31 01:26:33', '2018-09-08 14:03:25', '2018-02-12 04:45:48', 'XPTO');
insert into audita values (97, '3', 'Entidade 16', 514304891, '2018-01-05 18:40:55', '2018-09-16 19:47:34', '2018-10-05 22:48:36', 'XPTO');
insert into audita values (95, '1', 'Entidade 35', 447767975, '2018-08-11 11:33:42', '2018-11-08 19:26:59', '2018-06-06 11:49:18', 'XPTO');
insert into audita values (12, '0', 'Entidade 76', 468460932, '2018-05-06 20:01:15', '2018-08-13 07:41:38', '2018-10-04 11:03:27', 'XPTO');
insert into audita values (29, '1', 'Entidade 27', 31459635, '2018-05-15 18:33:45', '2018-09-13 21:13:58', '2018-04-12 01:58:20', 'XPTO');
insert into audita values (4, '4', 'Entidade 31', 804218737, '2018-07-25 16:26:12', '2018-08-16 10:08:45', '2018-09-05 06:09:22', 'XPTO');
insert into audita values (77, '1', 'Entidade 14', 662605851, '2018-01-07 07:56:05', '2018-10-27 22:19:38', '2018-11-26 08:29:49', 'XPTO');
insert into audita values (24, '3', 'Entidade 10', 732809155, '2018-04-05 16:35:03', '2018-08-15 13:56:13', '2018-01-02 21:32:35', 'XPTO');
insert into audita values (95, '3', 'Entidade 98', 776961531, '2018-01-25 22:43:12', '2018-11-20 21:29:29', '2018-03-08 09:42:08', 'XPTO');
insert into audita values (50, '0', 'Entidade 26', 729579274, '2018-06-13 18:11:52', '2018-11-07 08:47:42', '2018-05-06 23:14:18', 'XPTO');
insert into audita values (27, '5', 'Entidade 66', 558218702, '2018-02-24 08:57:22', '2018-08-23 20:30:34', '2018-10-10 18:31:06', 'XPTO');
insert into audita values (24, '2', 'Entidade 95', 155807370, '2018-01-15 04:45:45', '2018-03-23 14:19:03', '2018-04-28 16:06:50', 'XPTO');
insert into audita values (53, '0', 'Entidade 55', 447767975, '2018-06-11 12:20:07', '2018-11-05 16:15:02', '2018-03-25 11:41:17', 'XPTO');
insert into audita values (70, '2', 'Entidade 57', 717168102, '2018-01-27 22:18:19', '2018-10-13 09:08:15', '2018-04-05 12:02:49', 'XPTO');
insert into audita values (38, '3', 'Entidade 4', 766172800, '2018-01-04 10:06:49', '2018-09-25 08:42:39', '2018-09-11 21:30:20', 'XPTO');
insert into audita values (95, '3', 'Entidade 4', 766172800, '2018-01-06 09:36:58', '2018-09-16 06:28:11', '2018-04-09 20:30:59', 'XPTO');
insert into audita values (21, '0', 'Entidade 25', 984963730, '2018-08-29 04:09:50', '2018-10-21 15:29:22', '2018-04-03 09:41:42', 'XPTO');
insert into audita values (3, '3', 'Entidade 48', 991431293, '2018-05-01 02:51:53', '2018-11-17 14:38:31', '2018-08-04 04:16:13', 'XPTO');
insert into audita values (81, '0', 'Entidade 0', 956746310, '2018-01-26 21:44:07', '2018-11-11 15:40:07', '2018-11-15 23:37:33', 'XPTO');
insert into audita values (50, '3', 'Entidade 3', 175072300, '2018-01-13 07:58:57', '2018-06-19 09:59:44', '2018-02-22 09:29:01', 'XPTO');
insert into audita values (28, '2', 'Entidade 72', 732809155, '2018-04-12 22:52:52', '2018-09-04 05:41:01', '2018-07-01 22:13:24', 'XPTO');
insert into audita values (4, '3', 'Entidade 92', 2606583, '2018-06-02 04:28:03', '2018-08-20 02:46:35', '2018-08-11 22:37:49', 'XPTO');
insert into audita values (52, '4', 'Entidade 66', 31459635, '2018-01-28 18:34:42', '2018-07-29 01:26:55', '2018-06-27 04:59:38', 'XPTO');
insert into audita values (97, '4', 'Entidade 46', 998996435, '2018-01-14 17:58:58', '2018-07-06 08:54:35', '2018-05-12 08:58:12', 'XPTO');
insert into audita values (94, '3', 'Entidade 4', 333679782, '2018-05-04 23:19:45', '2018-11-18 13:49:36', '2018-09-30 14:12:21', 'XPTO');
insert into audita values (62, '2', 'Entidade 58', 952900828, '2018-04-04 01:41:28', '2018-10-25 14:25:47', '2018-10-03 17:56:19', 'XPTO');
insert into audita values (93, '0', 'Entidade 37', 743368595, '2018-07-29 05:01:06', '2018-10-27 02:52:03', '2018-07-30 19:49:45', 'XPTO');
insert into audita values (76, '0', 'Entidade 48', 562449087, '2018-05-18 11:10:31', '2018-09-17 07:17:04', '2018-05-15 23:46:55', 'XPTO');
insert into audita values (85, '1', 'Entidade 46', 2606583, '2018-01-09 17:47:53', '2018-09-02 20:33:34', '2018-01-31 15:05:04', 'XPTO');
insert into audita values (32, '0', 'Entidade 75', 578254328, '2018-01-07 16:24:06', '2018-06-24 19:11:25', '2018-07-09 11:01:47', 'XPTO');
insert into audita values (8, '1', 'Entidade 50', 424271080, '2018-01-22 02:17:16', '2018-07-29 09:46:55', '2018-06-26 14:54:45', 'XPTO');
insert into audita values (71, '2', 'Entidade 51', 657599449, '2018-01-01 18:55:12', '2018-10-13 14:40:45', '2018-05-11 12:02:23', 'XPTO');
insert into audita values (60, '0', 'Entidade 89', 564992759, '2018-03-17 23:11:28', '2018-11-12 03:56:32', '2018-06-16 23:58:17', 'XPTO');
insert into audita values (41, '1', 'Entidade 2', 998996435, '2018-02-09 12:55:18', '2018-05-04 02:52:24', '2018-10-20 16:33:34', 'XPTO');
insert into audita values (76, '1', 'Entidade 35', 447767975, '2018-05-19 13:08:52', '2018-11-01 12:15:20', '2018-05-22 21:58:41', 'XPTO');
insert into audita values (36, '1', 'Entidade 36', 940725801, '2018-06-08 07:17:48', '2018-11-16 04:52:12', '2018-03-18 06:22:03', 'XPTO');
insert into audita values (67, '2', 'Entidade 71', 766172800, '2018-01-08 18:22:05', '2018-11-08 09:52:13', '2018-02-16 17:22:28', 'XPTO');
insert into audita values (29, '0', 'Entidade 61', 968149996, '2018-05-16 08:35:12', '2018-10-31 03:05:38', '2018-09-09 02:06:45', 'XPTO');
insert into audita values (39, '1', 'Entidade 14', 658323046, '2018-04-13 08:03:25', '2018-10-28 07:13:46', '2018-03-22 08:28:45', 'XPTO');
insert into audita values (40, '2', 'Entidade 8', 355667045, '2018-04-10 04:06:36', '2018-11-21 17:13:44', '2018-04-24 15:24:15', 'XPTO');
insert into audita values (49, '4', 'Entidade 29', 224268497, '2018-01-03 23:30:51', '2018-10-03 02:01:20', '2018-01-25 14:19:49', 'XPTO');
insert into audita values (84, '3', 'Entidade 52', 343933153, '2018-10-11 21:21:30', '2018-11-28 22:11:49', '2018-02-13 13:41:04', 'XPTO');
insert into audita values (43, '1', 'Entidade 34', 690565434, '2018-04-17 17:04:21', '2018-06-02 05:49:30', '2018-10-30 19:49:47', 'XPTO');
insert into audita values (50, '0', 'Entidade 54', 717168102, '2018-07-15 07:29:05', '2018-10-13 15:48:02', '2018-04-23 15:52:40', 'XPTO');
insert into audita values (87, '3', 'Entidade 81', 447767975, '2018-04-17 08:51:55', '2018-11-07 07:43:28', '2018-06-10 07:56:11', 'XPTO');
insert into audita values (88, '0', 'Entidade 5', 662605851, '2018-01-21 04:58:36', '2018-06-25 21:55:03', '2018-02-05 21:27:54', 'XPTO');
insert into audita values (40, '1', 'Entidade 79', 994395702, '2018-10-17 21:58:25', '2018-11-30 23:22:34', '2018-04-11 06:26:22', 'XPTO');
insert into audita values (75, '3', 'Entidade 81', 621109468, '2018-04-17 21:42:46', '2018-09-21 15:04:06', '2018-11-25 22:35:24', 'XPTO');
insert into audita values (97, '0', 'Entidade 28', 224268497, '2018-02-04 22:09:39', '2018-09-15 04:06:55', '2018-06-04 01:22:48', 'XPTO');
insert into audita values (70, '1', 'Entidade 80', 352604639, '2018-03-08 01:54:44', '2018-11-19 19:50:02', '2018-08-06 15:45:26', 'XPTO');
insert into audita values (13, '0', 'Entidade 73', 662605851, '2018-01-27 09:22:22', '2018-06-26 02:08:25', '2018-03-07 13:55:16', 'XPTO');
insert into audita values (25, '2', 'Entidade 50', 333679782, '2018-01-26 19:13:18', '2018-11-26 03:47:05', '2018-01-18 06:36:51', 'XPTO');
insert into audita values (5, '1', 'Entidade 36', 804218737, '2018-07-23 09:58:58', '2018-08-13 23:12:29', '2018-05-21 12:48:36', 'XPTO');
insert into audita values (26, '0', 'Entidade 35', 944207168, '2018-06-10 21:22:41', '2018-09-16 09:32:24', '2018-09-03 17:33:59', 'XPTO');
insert into audita values (44, '0', 'Entidade 65', 42460152, '2018-03-31 18:31:52', '2018-09-19 08:20:51', '2018-03-01 21:51:47', 'XPTO');
insert into audita values (9, '4', 'Entidade 52', 438973086, '2018-05-11 08:36:23', '2018-07-15 20:09:19', '2018-06-26 10:35:49', 'XPTO');
insert into audita values (96, '0', 'Entidade 93', 821239543, '2018-03-28 11:56:46', '2018-10-28 09:41:23', '2018-08-23 15:22:03', 'XPTO');
insert into audita values (84, '0', 'Entidade 55', 447767975, '2018-03-19 11:12:54', '2018-09-22 09:48:20', '2018-09-05 11:33:13', 'XPTO');
insert into audita values (24, '0', 'Entidade 76', 468460932, '2018-04-03 18:21:27', '2018-09-07 04:37:39', '2018-11-14 08:49:20', 'XPTO');
insert into audita values (4, '0', 'Entidade 93', 821239543, '2018-05-10 03:51:27', '2018-09-28 15:58:13', '2018-07-26 20:57:47', 'XPTO');
insert into audita values (25, '1', 'Entidade 78', 412983708, '2018-03-14 02:52:39', '2018-11-28 10:30:13', '2018-01-05 22:06:11', 'XPTO');
insert into audita values (23, '3', 'Entidade 16', 514304891, '2018-01-11 09:55:51', '2018-11-07 06:20:20', '2018-11-14 05:10:42', 'XPTO');
insert into audita values (47, '2', 'Entidade 62', 538993368, '2018-03-25 19:11:34', '2018-06-21 18:42:40', '2018-03-02 02:20:56', 'XPTO');
insert into audita values (10, '2', 'Entidade 8', 352604639, '2018-06-01 15:49:30', '2018-09-02 04:23:45', '2018-11-01 23:05:22', 'XPTO');
insert into audita values (71, '4', 'Entidade 46', 998996435, '2018-01-24 16:01:26', '2018-05-26 07:49:18', '2018-05-30 23:58:45', 'XPTO');
insert into audita values (44, '2', 'Entidade 50', 331487154, '2018-01-09 19:39:06', '2018-10-23 10:32:54', '2018-03-18 07:54:41', 'XPTO');
insert into audita values (83, '0', 'Entidade 4', 822586904, '2018-01-15 19:37:16', '2018-03-27 13:24:06', '2018-11-24 23:52:27', 'XPTO');
insert into audita values (27, '0', 'Entidade 76', 468460932, '2018-03-23 16:42:12', '2018-08-29 03:21:14', '2018-04-26 14:46:38', 'XPTO');
insert into audita values (51, '1', 'Entidade 80', 352604639, '2018-05-07 07:11:11', '2018-08-13 01:45:42', '2018-11-15 23:55:16', 'XPTO');
insert into audita values (14, '1', 'Entidade 47', 984963730, '2018-09-12 15:04:42', '2018-10-18 02:44:16', '2018-05-23 12:44:32', 'XPTO');
insert into audita values (62, '0', 'Entidade 3', 538993368, '2018-04-10 13:32:26', '2018-10-18 17:15:28', '2018-05-31 23:34:49', 'XPTO');
insert into audita values (85, '1', 'Entidade 84', 272169727, '2018-01-03 10:12:41', '2018-08-11 21:26:12', '2018-08-05 23:40:31', 'XPTO');
insert into audita values (22, '5', 'Entidade 54', 750543034, '2018-02-28 05:39:40', '2018-09-21 08:05:13', '2018-10-13 11:01:29', 'XPTO');
insert into audita values (21, '1', 'Entidade 64', 333679782, '2018-01-11 15:06:03', '2018-10-26 20:10:25', '2018-04-13 10:57:50', 'XPTO');
insert into audita values (74, '0', 'Entidade 25', 984963730, '2018-08-09 02:39:47', '2018-10-23 06:08:51', '2018-05-10 23:18:26', 'XPTO');
insert into audita values (90, '0', 'Entidade 71', 562449087, '2018-03-23 06:45:39', '2018-08-28 16:44:13', '2018-06-24 02:46:40', 'XPTO');
insert into audita values (74, '3', 'Entidade 95', 978403889, '2018-01-31 16:26:44', '2018-07-13 22:11:44', '2018-11-19 05:47:15', 'XPTO');
insert into audita values (52, '4', 'Entidade 14', 821239543, '2018-06-20 19:47:25', '2018-11-26 12:28:55', '2018-08-30 21:05:42', 'XPTO');
insert into audita values (9, '1', 'Entidade 84', 272169727, '2018-03-03 10:24:29', '2018-10-12 19:36:58', '2018-03-01 11:03:37', 'XPTO');
insert into audita values (47, '0', 'Entidade 4', 822586904, '2018-01-13 17:15:03', '2018-06-30 23:06:09', '2018-07-18 10:11:38', 'XPTO');
insert into audita values (54, '3', 'Entidade 10', 468460932, '2018-02-01 22:44:32', '2018-10-21 06:06:35', '2018-06-02 23:37:44', 'XPTO');
insert into audita values (19, '4', 'Entidade 14', 821239543, '2018-02-06 08:25:18', '2018-11-03 16:28:06', '2018-10-19 02:58:12', 'XPTO');
insert into audita values (33, '1', 'Entidade 27', 31459635, '2018-03-24 10:19:06', '2018-09-21 09:53:48', '2018-11-30 06:42:47', 'XPTO');
insert into audita values (26, '0', 'Entidade 89', 564992759, '2018-05-18 21:49:11', '2018-11-27 14:28:54', '2018-04-22 01:28:15', 'XPTO');
insert into audita values (78, '5', 'Entidade 11', 562449087, '2018-01-14 13:33:46', '2018-07-08 13:12:13', '2018-07-03 20:38:48', 'XPTO');
insert into audita values (78, '2', 'Entidade 98', 355667045, '2018-03-09 07:36:01', '2018-09-17 13:49:36', '2018-11-15 09:50:13', 'XPTO');
insert into audita values (1, '2', 'Entidade 75', 197403536, '2018-01-31 17:29:14', '2018-07-27 19:49:23', '2018-07-02 19:03:22', 'XPTO');
insert into audita values (4, '0', 'Entidade 32', 494739592, '2018-03-05 07:08:53', '2018-11-15 23:29:03', '2018-04-13 13:13:12', 'XPTO');
insert into audita values (28, '0', 'Entidade 95', 401345034, '2018-03-05 20:57:29', '2018-07-27 10:06:08', '2018-03-01 07:13:27', 'XPTO');
insert into audita values (89, '2', 'Entidade 26', 578254328, '2018-01-26 03:45:33', '2018-02-04 10:24:42', '2018-05-18 18:01:58', 'XPTO');
insert into audita values (70, '1', 'Entidade 76', 272169727, '2018-01-16 23:47:01', '2018-07-24 09:48:21', '2018-06-06 17:51:19', 'XPTO');
insert into audita values (52, '3', 'Entidade 27', 658323046, '2018-01-04 04:26:13', '2018-08-13 06:14:02', '2018-06-02 03:01:59', 'XPTO');
insert into audita values (39, '2', 'Entidade 8', 42460152, '2018-04-15 21:41:44', '2018-08-18 01:09:34', '2018-08-21 22:58:26', 'XPTO');
insert into audita values (17, '5', 'Entidade 77', 978403889, '2018-03-18 05:15:29', '2018-11-29 07:27:04', '2018-08-17 05:16:31', 'XPTO');
insert into audita values (38, '1', 'Entidade 15', 657599449, '2018-06-09 06:04:25', '2018-11-08 14:06:34', '2018-09-10 06:47:44', 'XPTO');
insert into audita values (56, '5', 'Entidade 11', 562449087, '2018-05-18 09:46:04', '2018-09-21 16:29:06', '2018-10-24 09:14:21', 'XPTO');
insert into audita values (89, '0', 'Entidade 28', 224268497, '2018-01-06 18:16:58', '2018-05-26 23:12:58', '2018-05-11 07:13:22', 'XPTO');
insert into audita values (42, '1', 'Entidade 29', 155807370, '2018-01-18 07:49:26', '2018-10-16 23:06:01', '2018-01-12 01:13:42', 'XPTO');
insert into audita values (46, '0', 'Entidade 5', 923005895, '2018-02-17 14:58:52', '2018-11-22 01:27:28', '2018-06-28 09:52:12', 'XPTO');
insert into audita values (60, '0', 'Entidade 19', 835629855, '2018-03-10 03:49:01', '2018-06-11 07:49:01', '2018-11-04 06:07:02', 'XPTO');
insert into audita values (55, '0', 'Entidade 43', 621109468, '2018-04-02 03:06:48', '2018-09-13 23:22:23', '2018-05-07 22:52:03', 'XPTO');
insert into audita values (42, '0', 'Entidade 13', 558218702, '2018-01-11 06:40:19', '2018-07-25 21:29:12', '2018-06-19 05:09:22', 'XPTO');
insert into audita values (83, '1', 'Entidade 14', 331487154, '2018-05-19 02:58:27', '2018-09-25 05:14:18', '2018-08-23 09:42:49', 'XPTO');
insert into audita values (60, '3', 'Entidade 16', 514304891, '2018-01-18 22:39:29', '2018-11-16 10:24:57', '2018-08-03 22:14:38', 'XPTO');
insert into audita values (56, '0', 'Entidade 31', 125775810, '2018-05-13 21:16:41', '2018-11-23 06:45:48', '2018-01-19 10:55:43', 'XPTO');
insert into audita values (29, '3', 'Entidade 52', 343933153, '2018-04-27 22:11:58', '2018-11-18 02:02:12', '2018-05-18 15:10:18', 'XPTO');
insert into audita values (32, '0', 'Entidade 90', 131811842, '2018-03-01 12:55:29', '2018-10-21 17:01:41', '2018-10-17 08:08:28', 'XPTO');
insert into audita values (64, '0', 'Entidade 65', 42460152, '2018-05-26 18:35:42', '2018-10-23 03:11:32', '2018-07-16 20:25:28', 'XPTO');
insert into audita values (67, '0', 'Entidade 43', 621109468, '2018-06-03 15:59:38', '2018-07-01 14:02:59', '2018-06-23 23:19:35', 'XPTO');
insert into audita values (35, '0', 'Entidade 73', 331487154, '2018-05-24 05:58:02', '2018-11-26 21:34:22', '2018-05-10 15:26:51', 'XPTO');
insert into audita values (89, '3', 'Entidade 0', 640910917, '2018-01-14 09:11:36', '2018-05-04 16:45:37', '2018-04-27 08:12:09', 'XPTO');
insert into audita values (65, '1', 'Entidade 62', 21260854, '2018-07-31 16:01:21', '2018-10-24 20:33:12', '2018-06-24 12:16:15', 'XPTO');
insert into audita values (71, '2', 'Entidade 29', 802085280, '2018-07-04 03:28:51', '2018-11-29 12:55:23', '2018-10-06 14:04:21', 'XPTO');
insert into audita values (8, '3', 'Entidade 77', 835629855, '2018-02-13 20:10:22', '2018-09-24 20:55:19', '2018-11-18 15:47:34', 'XPTO');
insert into audita values (74, '2', 'Entidade 43', 994395702, '2018-04-09 01:52:02', '2018-11-24 19:55:36', '2018-03-11 15:40:15', 'XPTO');
insert into audita values (17, '5', 'Entidade 52', 378101956, '2018-01-01 07:38:26', '2018-07-27 05:54:52', '2018-09-19 01:02:14', 'XPTO');
insert into audita values (74, '2', 'Entidade 3', 732809155, '2018-02-18 10:48:57', '2018-07-24 23:06:49', '2018-09-27 04:20:41', 'XPTO');
insert into audita values (8, '4', 'Entidade 46', 998996435, '2018-01-27 16:45:51', '2018-09-03 03:29:02', '2018-10-24 01:19:51', 'XPTO');
insert into audita values (46, '1', 'Entidade 79', 994395702, '2018-01-26 08:47:34', '2018-11-28 16:58:18', '2018-11-19 15:19:32', 'XPTO');
insert into audita values (90, '1', 'Entidade 36', 940725801, '2018-05-22 04:15:29', '2018-11-26 20:44:47', '2018-02-18 16:15:23', 'XPTO');
insert into audita values (14, '3', 'Entidade 16', 514304891, '2018-01-31 08:12:29', '2018-09-12 12:48:26', '2018-08-11 09:08:39', 'XPTO');
insert into audita values (1, '0', 'Entidade 72', 732809155, '2018-06-10 08:52:47', '2018-11-21 12:25:52', '2018-05-16 09:44:48', 'XPTO');
insert into audita values (46, '3', 'Entidade 98', 776961531, '2018-06-03 17:18:49', '2018-09-19 12:08:48', '2018-02-25 15:47:12', 'XPTO');
insert into audita values (11, '1', 'Entidade 53', 412983708, '2018-05-18 09:19:46', '2018-11-27 16:31:07', '2018-04-22 04:17:15', 'XPTO');
insert into audita values (78, '4', 'Entidade 62', 807972887, '2018-01-18 15:29:15', '2018-11-06 12:03:21', '2018-04-23 05:24:35', 'XPTO');
insert into audita values (83, '2', 'Entidade 62', 232411204, '2018-02-25 18:42:43', '2018-06-22 23:14:47', '2018-07-05 14:01:15', 'XPTO');
insert into audita values (3, '0', 'Entidade 35', 944207168, '2018-05-05 11:30:04', '2018-08-15 19:48:55', '2018-06-04 17:27:59', 'XPTO');
insert into audita values (58, '1', 'Entidade 48', 978403889, '2018-03-03 02:16:29', '2018-08-15 05:36:15', '2018-07-18 16:58:12', 'XPTO');
insert into audita values (99, '2', 'Entidade 71', 766172800, '2018-01-18 09:23:16', '2018-04-20 20:05:34', '2018-07-27 07:56:46', 'XPTO');
insert into audita values (53, '4', 'Entidade 51', 197403536, '2018-01-18 17:26:56', '2018-03-28 19:39:47', '2018-09-07 21:25:29', 'XPTO');
insert into audita values (90, '0', 'Entidade 50', 468460932, '2018-04-20 15:22:29', '2018-08-11 11:55:49', '2018-02-13 20:55:25', 'XPTO');
insert into audita values (45, '3', 'Entidade 11', 921614100, '2018-04-24 11:31:58', '2018-07-07 05:54:47', '2018-08-10 21:41:09', 'XPTO');
insert into audita values (61, '2', 'Entidade 3', 732809155, '2018-04-20 22:05:05', '2018-08-17 02:05:42', '2018-10-14 08:51:45', 'XPTO');
insert into audita values (65, '2', 'Entidade 50', 333679782, '2018-09-20 11:23:50', '2018-10-27 11:01:18', '2018-09-25 12:01:25', 'XPTO');
insert into audita values (78, '0', 'Entidade 75', 923005895, '2018-03-21 23:12:39', '2018-11-07 11:59:05', '2018-04-11 14:45:59', 'XPTO');
insert into audita values (67, '1', 'Entidade 19', 976056163, '2018-06-08 04:01:38', '2018-10-21 11:52:15', '2018-06-17 16:03:05', 'XPTO');
insert into audita values (91, '5', 'Entidade 62', 352604639, '2018-02-26 04:24:11', '2018-08-13 15:48:30', '2018-11-22 08:26:42', 'XPTO');
insert into audita values (84, '0', 'Entidade 82', 197403536, '2018-01-14 04:32:13', '2018-08-03 05:32:04', '2018-09-05 05:42:19', 'XPTO');
insert into audita values (51, '0', 'Entidade 75', 923005895, '2018-07-31 03:39:38', '2018-10-30 21:39:21', '2018-07-03 13:40:52', 'XPTO');
insert into audita values (38, '5', 'Entidade 46', 942251540, '2018-08-11 05:41:49', '2018-11-24 21:15:18', '2018-02-22 01:35:38', 'XPTO');
insert into audita values (69, '0', 'Entidade 73', 331487154, '2018-04-07 19:06:21', '2018-09-04 06:29:31', '2018-11-04 20:37:21', 'XPTO');
insert into audita values (32, '0', 'Entidade 67', 968149996, '2018-05-02 12:23:11', '2018-10-08 15:30:18', '2018-09-23 09:15:05', 'XPTO');
insert into audita values (97, '0', 'Entidade 72', 621109468, '2018-02-09 23:14:31', '2018-10-01 20:45:51', '2018-04-04 23:59:31', 'XPTO');
insert into audita values (85, '1', 'Entidade 88', 314438324, '2018-01-24 17:09:20', '2018-05-29 06:29:05', '2018-08-12 07:04:46', 'XPTO');
insert into audita values (95, '5', 'Entidade 76', 944207168, '2018-06-25 21:08:24', '2018-11-15 23:20:22', '2018-06-14 05:03:03', 'XPTO');
insert into audita values (59, '0', 'Entidade 95', 401345034, '2018-01-09 23:04:42', '2018-04-16 06:49:03', '2018-05-14 14:08:57', 'XPTO');
insert into audita values (59, '0', 'Entidade 45', 616884671, '2018-02-10 22:39:44', '2018-11-13 01:24:39', '2018-05-31 14:19:57', 'XPTO');
insert into audita values (82, '1', 'Entidade 53', 165880114, '2018-01-08 22:58:14', '2018-08-26 06:49:39', '2018-06-20 22:19:48', 'XPTO');
insert into audita values (64, '2', 'Entidade 52', 125775810, '2018-08-17 05:01:58', '2018-11-22 16:22:40', '2018-04-06 04:41:41', 'XPTO');
insert into audita values (58, '2', 'Entidade 8', 355667045, '2018-08-19 07:12:44', '2018-10-08 12:42:46', '2018-10-17 10:19:35', 'XPTO');
insert into audita values (38, '2', 'Entidade 71', 766172800, '2018-01-23 01:47:24', '2018-02-20 04:45:20', '2018-07-12 06:31:31', 'XPTO');
insert into audita values (69, '2', 'Entidade 36', 984963730, '2018-04-04 02:34:48', '2018-09-21 02:19:02', '2018-01-24 12:24:38', 'XPTO');
insert into audita values (80, '1', 'Entidade 63', 835629855, '2018-04-26 22:10:16', '2018-09-19 11:27:42', '2018-06-07 17:30:25', 'XPTO');
insert into audita values (28, '3', 'Entidade 11', 921614100, '2018-06-01 09:57:31', '2018-08-03 21:26:52', '2018-07-27 09:13:43', 'XPTO');
insert into audita values (24, '3', 'Entidade 26', 352604639, '2018-07-13 07:35:49', '2018-08-23 04:34:17', '2018-06-06 06:23:02', 'XPTO');
insert into audita values (24, '2', 'Entidade 75', 944207168, '2018-02-02 04:37:36', '2018-09-05 21:31:09', '2018-05-23 12:19:58', 'XPTO');
insert into audita values (91, '2', 'Entidade 10', 630755165, '2018-01-01 11:10:12', '2018-03-16 12:10:35', '2018-06-26 12:09:41', 'XPTO');
insert into audita values (44, '4', 'Entidade 46', 998996435, '2018-01-19 07:50:52', '2018-10-01 05:29:15', '2018-10-21 12:08:22', 'XPTO');
insert into audita values (31, '3', 'Entidade 18', 804218737, '2018-06-16 06:25:43', '2018-09-17 04:11:56', '2018-09-15 16:52:36', 'XPTO');
insert into audita values (17, '0', 'Entidade 45', 272169727, '2018-01-22 23:19:28', '2018-09-01 21:17:58', '2018-06-12 19:41:46', 'XPTO');
insert into audita values (4, '2', 'Entidade 34', 399677414, '2018-03-29 03:51:07', '2018-11-29 06:02:32', '2018-09-02 10:15:54', 'XPTO');
insert into audita values (54, '2', 'Entidade 32', 593843152, '2018-07-29 11:20:26', '2018-11-18 19:46:48', '2018-07-26 19:12:58', 'XPTO');
insert into audita values (33, '2', 'Entidade 75', 197403536, '2018-01-06 06:49:40', '2018-08-25 19:47:33', '2018-08-01 03:19:21', 'XPTO');
insert into audita values (44, '0', 'Entidade 88', 564992759, '2018-03-15 05:47:58', '2018-10-21 17:13:32', '2018-11-10 11:01:37', 'XPTO');
insert into audita values (17, '1', 'Entidade 35', 447767975, '2018-04-02 23:24:17', '2018-11-09 06:50:15', '2018-02-11 02:28:55', 'XPTO');
insert into audita values (69, '0', 'Entidade 59', 331487154, '2018-02-12 06:17:08', '2018-11-18 09:34:26', '2018-06-29 06:38:06', 'XPTO');
insert into audita values (46, '1', 'Entidade 19', 976056163, '2018-03-14 15:49:39', '2018-10-27 22:02:21', '2018-11-21 18:42:34', 'XPTO');
insert into audita values (86, '3', 'Entidade 70', 494739592, '2018-02-21 22:04:51', '2018-08-23 14:05:54', '2018-04-11 23:05:18', 'XPTO');
insert into audita values (84, '3', 'Entidade 0', 640910917, '2018-02-19 18:02:08', '2018-07-04 09:36:26', '2018-02-23 14:54:51', 'XPTO');
insert into audita values (67, '2', 'Entidade 50', 331487154, '2018-08-09 23:32:43', '2018-09-08 01:09:55', '2018-09-02 21:29:25', 'XPTO');
insert into audita values (62, '1', 'Entidade 70', 42460152, '2018-04-15 23:34:41', '2018-09-29 05:37:01', '2018-01-11 10:36:18', 'XPTO');
insert into audita values (48, '3', 'Entidade 4', 690565434, '2018-02-10 01:01:59', '2018-06-09 13:42:02', '2018-01-14 12:11:02', 'XPTO');
insert into audita values (92, '1', 'Entidade 20', 640910917, '2018-02-05 23:08:58', '2018-04-30 20:06:20', '2018-02-22 13:50:58', 'XPTO');
insert into audita values (41, '1', 'Entidade 60', 558218702, '2018-02-05 05:03:29', '2018-10-19 17:47:52', '2018-03-05 15:49:20', 'XPTO');
insert into audita values (33, '5', 'Entidade 62', 352604639, '2018-07-06 06:35:59', '2018-10-11 17:28:17', '2018-08-02 03:36:24', 'XPTO');
insert into audita values (52, '1', 'Entidade 48', 737821337, '2018-03-21 21:49:34', '2018-10-09 11:38:22', '2018-10-30 12:21:53', 'XPTO');
insert into audita values (45, '2', 'Entidade 2', 662605851, '2018-01-06 18:58:57', '2018-10-17 23:49:52', '2018-07-05 11:47:57', 'XPTO');
insert into audita values (36, '5', 'Entidade 52', 378101956, '2018-01-21 15:02:13', '2018-11-18 21:02:05', '2018-11-07 23:02:25', 'XPTO');
insert into audita values (55, '0', 'Entidade 57', 447767975, '2018-02-13 03:36:36', '2018-10-29 12:41:57', '2018-01-14 20:12:53', 'XPTO');
insert into audita values (96, '0', 'Entidade 75', 923005895, '2018-03-17 05:12:51', '2018-11-27 03:26:16', '2018-10-14 12:38:35', 'XPTO');
insert into audita values (35, '1', 'Entidade 25', 306157543, '2018-04-15 22:41:24', '2018-07-31 11:47:23', '2018-08-28 03:21:49', 'XPTO');
insert into audita values (22, '3', 'Entidade 3', 165880114, '2018-02-18 13:28:31', '2018-08-29 13:53:41', '2018-03-29 16:55:46', 'XPTO');
insert into audita values (35, '4', 'Entidade 92', 424271080, '2018-01-29 06:33:47', '2018-04-07 04:41:40', '2018-11-05 11:40:46', 'XPTO');
insert into audita values (38, '0', 'Entidade 10', 558218702, '2018-01-20 12:58:08', '2018-11-04 04:18:31', '2018-07-12 17:04:19', 'XPTO');
insert into audita values (25, '5', 'Entidade 4', 956746310, '2018-01-26 23:55:26', '2018-08-02 15:54:03', '2018-10-22 16:52:31', 'XPTO');
insert into audita values (30, '4', 'Entidade 46', 998996435, '2018-01-09 14:59:19', '2018-03-22 01:24:48', '2018-11-05 22:22:17', 'XPTO');
insert into audita values (59, '1', 'Entidade 70', 42460152, '2018-02-25 10:39:03', '2018-09-11 15:57:57', '2018-11-17 01:34:24', 'XPTO');
insert into audita values (13, '1', 'Entidade 25', 690565434, '2018-01-06 04:11:48', '2018-05-30 20:45:25', '2018-04-22 23:44:25', 'XPTO');
insert into audita values (48, '0', 'Entidade 96', 630755165, '2018-01-01 14:28:16', '2018-11-17 05:52:32', '2018-09-13 13:32:01', 'XPTO');
insert into audita values (66, '0', 'Entidade 96', 630755165, '2018-01-01 02:01:23', '2018-05-20 13:11:08', '2018-02-04 20:06:57', 'XPTO');
insert into audita values (10, '0', 'Entidade 61', 968149996, '2018-04-30 10:48:38', '2018-09-20 22:25:58', '2018-07-31 12:13:11', 'XPTO');
insert into audita values (29, '1', 'Entidade 96', 868741836, '2018-05-17 15:38:47', '2018-08-30 18:15:01', '2018-09-20 09:06:37', 'XPTO');
insert into audita values (59, '0', 'Entidade 55', 447767975, '2018-09-04 04:35:43', '2018-09-24 05:17:18', '2018-05-23 02:11:16', 'XPTO');
insert into audita values (91, '1', 'Entidade 15', 657599449, '2018-07-02 08:30:31', '2018-11-29 03:45:26', '2018-04-25 14:35:50', 'XPTO');
insert into audita values (58, '1', 'Entidade 55', 449276951, '2018-03-11 09:21:45', '2018-10-31 17:42:06', '2018-04-09 17:32:24', 'XPTO');
insert into audita values (42, '4', 'Entidade 48', 921614100, '2018-03-17 18:18:44', '2018-11-07 07:22:11', '2018-07-28 16:12:50', 'XPTO');
insert into audita values (18, '1', 'Entidade 63', 630755165, '2018-01-01 04:10:39', '2018-08-15 17:11:57', '2018-02-05 09:16:25', 'XPTO');
insert into audita values (93, '4', 'Entidade 52', 438973086, '2018-04-03 08:51:17', '2018-08-22 18:54:36', '2018-04-27 01:34:40', 'XPTO');
insert into audita values (63, '0', 'Entidade 28', 224268497, '2018-03-23 10:57:53', '2018-05-27 14:49:36', '2018-03-01 10:54:55', 'XPTO');
insert into audita values (47, '1', 'Entidade 47', 815513741, '2018-01-16 07:51:19', '2018-06-10 16:47:27', '2018-02-08 17:56:57', 'XPTO');
insert into audita values (33, '3', 'Entidade 77', 835629855, '2018-01-17 20:25:34', '2018-06-25 21:06:32', '2018-01-14 17:36:11', 'XPTO');
insert into audita values (75, '0', 'Entidade 29', 66948638, '2018-10-21 06:48:48', '2018-11-23 20:51:42', '2018-07-14 11:49:57', 'XPTO');
insert into audita values (82, '4', 'Entidade 47', 333679782, '2018-09-06 06:11:57', '2018-10-17 23:42:35', '2018-06-05 17:31:15', 'XPTO');
insert into audita values (7, '1', 'Entidade 62', 21260854, '2018-02-06 12:48:59', '2018-11-14 14:04:02', '2018-08-18 02:56:56', 'XPTO');
insert into audita values (36, '1', 'Entidade 6', 940725801, '2018-02-16 12:45:44', '2018-10-27 02:27:05', '2018-09-28 12:29:15', 'XPTO');


insert into solicita values (46, '2018-11-11 14:45:42', 90, '2018-11-11 14:35:42', '2018-11-11 14:49:06');
insert into solicita values (5, '2018-04-26 13:51:20', 39, '2018-04-26 15:09:11', '2018-04-26 17:49:40');
insert into solicita values (25, '2018-10-10 06:55:14', 69, '2018-10-10 09:09:34', '2018-10-10 14:38:58');
insert into solicita values (84, '2018-02-10 10:31:35', 28, '2018-02-10 10:38:12', '2018-02-10 10:42:07');
insert into solicita values (70, '2018-05-12 18:24:36', 71, '2018-05-12 03:59:59', '2018-05-12 21:55:48');
insert into solicita values (47, '2018-10-29 07:51:41', 8, '2018-10-29 08:25:07', '2018-10-29 11:54:40');
insert into solicita values (18, '2018-08-20 19:28:24', 69, '2018-08-20 20:24:20', '2018-08-20 21:59:11');
insert into solicita values (77, '2018-02-08 07:33:16', 50, '2018-02-08 09:03:27', '2018-02-08 10:05:51');
insert into solicita values (70, '2018-07-19 20:27:55', 95, '2018-07-19 02:14:15', '2018-07-19 07:11:39');
insert into solicita values (29, '2018-11-03 13:04:40', 26, '2018-11-03 13:29:34', '2018-11-03 15:34:57');
insert into solicita values (30, '2018-01-26 12:09:34', 42, '2018-01-26 13:21:59', '2018-01-26 13:31:38');
insert into solicita values (61, '2018-01-02 15:35:15', 39, '2018-01-02 15:02:52', '2018-01-02 16:21:57');
insert into solicita values (22, '2018-08-13 13:09:52', 17, '2018-08-13 14:42:21', '2018-08-13 17:12:26');
insert into solicita values (9, '2018-01-04 07:30:18', 62, '2018-01-04 08:19:13', '2018-01-04 09:09:58');
insert into solicita values (10, '2018-08-19 21:29:49', 78, '2018-08-19 02:04:39', '2018-08-19 05:18:06');
insert into solicita values (8, '2018-02-19 22:08:41', 82, '2018-02-20 02:53:28', '2018-02-20 04:14:21');
insert into solicita values (89, '2018-09-19 20:13:39', 71, '2018-09-19 01:18:49', '2018-09-19 23:53:55');
insert into solicita values (26, '2018-02-08 07:33:16', 50, '2018-02-08 13:33:31', '2018-02-08 15:19:58');
insert into solicita values (44, '2018-06-28 09:55:57', 38, '2018-06-28 10:01:52', '2018-06-28 13:19:44');
insert into solicita values (90, '2018-04-25 20:53:28', 1, '2018-04-25 01:14:42', '2018-04-25 01:28:47');
insert into solicita values (26, '2018-03-16 19:31:37', 43, '2018-03-16 19:41:37', '2018-03-16 19:50:59');
insert into solicita values (66, '2018-07-19 20:27:55', 95, '2018-07-19 20:28:15', '2018-07-19 22:52:06');
insert into solicita values (65, '2018-07-06 13:13:04', 45, '2018-07-06 14:01:32', '2018-07-06 15:24:27');
insert into solicita values (13, '2018-07-04 06:15:26', 16, '2018-07-04 07:11:13', '2018-07-04 16:48:04');
insert into solicita values (4, '2018-06-16 21:19:31', 72, '2018-06-16 21:19:02', '2018-06-16 21:29:51');
insert into solicita values (54, '2018-06-19 19:58:25', 84, '2018-06-19 04:56:34', '2018-06-19 05:06:34');
insert into solicita values (66, '2018-03-23 02:51:55', 47, '2018-03-23 02:58:10', '2018-03-23 02:58:52');
insert into solicita values (0, '2018-08-10 21:41:01', 70, '2018-08-10 22:06:13', '2018-08-10 23:19:46');
insert into solicita values (54, '2018-10-20 09:28:36', 2, '2018-10-20 14:21:17', '2018-10-20 17:15:13');
insert into solicita values (75, '2018-03-23 02:51:55', 47, '2018-03-23 02:52:18', '2018-03-23 04:58:19');
insert into solicita values (42, '2018-09-05 21:57:35', 72, '2018-09-05 22:08:39', '2018-09-06 03:56:57');
insert into solicita values (56, '2018-04-03 15:52:05', 52, '2018-04-03 17:48:49', '2018-04-03 18:37:10');
insert into solicita values (19, '2018-05-29 01:38:21', 8, '2018-05-29 05:15:10', '2018-05-29 07:26:52');
insert into solicita values (48, '2018-04-04 14:13:25', 23, '2018-04-04 15:09:48', '2018-04-04 16:25:47');
insert into solicita values (73, '2018-07-09 09:01:01', 97, '2018-07-09 10:07:34', '2018-07-09 12:08:31');
insert into solicita values (41, '2018-01-27 16:39:13', 7, '2018-01-27 19:55:17', '2018-01-27 20:11:47');
insert into solicita values (91, '2018-05-27 22:45:59', 39, '2018-05-27 01:57:49', '2018-05-27 02:01:06');
insert into solicita values (93, '2018-03-11 19:57:44', 12, '2018-03-11 19:50:28', '2018-03-11 19:51:45');
insert into solicita values (92, '2018-08-13 13:09:52', 17, '2018-08-13 17:48:28', '2018-08-13 18:08:45');
insert into solicita values (21, '2018-03-14 21:51:57', 68, '2018-03-14 01:28:59', '2018-03-14 05:48:14');
insert into solicita values (30, '2018-06-17 03:11:52', 17, '2018-06-17 04:37:51', '2018-06-17 04:55:47');
insert into solicita values (66, '2018-03-14 21:51:57', 68, '2018-03-14 02:23:21', '2018-03-14 04:29:56');
insert into solicita values (92, '2018-07-20 04:43:03', 35, '2018-07-20 06:05:03', '2018-07-20 06:54:06');
insert into solicita values (78, '2018-04-22 22:52:29', 32, '2018-04-23 01:58:33', '2018-04-23 04:32:25');
insert into solicita values (33, '2018-09-05 21:57:35', 72, '2018-09-05 22:10:48', '2018-09-05 22:46:41');
insert into solicita values (99, '2018-09-05 21:57:35', 72, '2018-09-05 22:25:08', '2018-09-06 02:36:34');
insert into solicita values (63, '2018-06-06 07:25:01', 92, '2018-06-06 09:05:39', '2018-06-06 09:39:36');
insert into solicita values (37, '2018-05-06 08:55:08', 26, '2018-05-06 08:11:03', '2018-05-06 08:58:31');
insert into solicita values (67, '2018-03-27 19:16:08', 31, '2018-03-27 23:31:29', '2018-03-28 02:16:42');
insert into solicita values (54, '2018-11-07 17:18:04', 43, '2018-11-07 03:47:08', '2018-11-07 19:45:32');
insert into solicita values (88, '2018-03-31 08:34:09', 56, '2018-03-31 09:18:16', '2018-03-31 09:40:44');
insert into solicita values (93, '2018-02-15 21:03:39', 24, '2018-02-15 01:56:42', '2018-02-15 23:45:01');
insert into solicita values (66, '2018-11-07 05:35:51', 40, '2018-11-07 05:26:48', '2018-11-07 05:32:26');
insert into solicita values (47, '2018-01-04 07:30:18', 62, '2018-01-04 08:49:55', '2018-01-04 08:59:48');
insert into solicita values (44, '2018-10-29 07:51:41', 8, '2018-10-29 10:59:29', '2018-10-29 12:01:49');
insert into solicita values (42, '2018-05-06 08:55:08', 26, '2018-05-06 08:03:36', '2018-05-06 08:12:54');
insert into solicita values (49, '2018-04-04 15:06:31', 45, '2018-04-04 15:01:12', '2018-04-04 15:32:55');
insert into solicita values (67, '2018-03-18 10:45:35', 8, '2018-03-18 12:35:05', '2018-03-18 13:10:26');
insert into solicita values (94, '2018-11-30 04:55:15', 6, '2018-11-30 05:06:54', '2018-11-30 06:04:02');
insert into solicita values (19, '2018-09-20 08:27:28', 62, '2018-09-20 10:08:33', '2018-09-20 11:30:11');
insert into solicita values (44, '2018-03-11 19:57:44', 12, '2018-03-11 20:06:31', '2018-03-11 20:11:51');
insert into solicita values (44, '2018-03-05 21:51:23', 83, '2018-03-05 21:43:36', '2018-03-05 22:28:11');
insert into solicita values (74, '2018-10-30 08:15:34', 11, '2018-10-30 08:26:34', '2018-10-30 08:28:59');
insert into solicita values (52, '2018-01-27 07:32:54', 89, '2018-01-27 07:12:18', '2018-01-27 07:38:20');
insert into solicita values (2, '2018-03-23 02:51:55', 47, '2018-03-23 05:29:29', '2018-03-23 06:25:45');
insert into solicita values (59, '2018-08-21 12:46:05', 59, '2018-08-21 13:01:41', '2018-08-21 13:48:17');
insert into solicita values (18, '2018-03-26 17:56:01', 21, '2018-03-26 18:38:18', '2018-03-26 19:51:51');
insert into solicita values (52, '2018-01-27 16:39:13', 7, '2018-01-27 20:12:35', '2018-01-27 20:37:32');
insert into solicita values (93, '2018-06-28 09:55:57', 38, '2018-06-28 11:46:14', '2018-06-28 16:40:07');
insert into solicita values (65, '2018-10-20 09:28:36', 2, '2018-10-20 15:12:44', '2018-10-20 19:23:29');
insert into solicita values (36, '2018-11-07 05:42:02', 72, '2018-11-07 06:15:07', '2018-11-07 08:13:41');
insert into solicita values (91, '2018-06-15 15:51:02', 1, '2018-06-15 18:13:30', '2018-06-15 18:57:50');
insert into solicita values (67, '2018-02-27 19:49:52', 78, '2018-02-27 21:31:05', '2018-02-28 01:36:17');
insert into solicita values (48, '2018-04-03 15:52:05', 52, '2018-04-03 20:22:05', '2018-04-03 21:09:13');
insert into solicita values (22, '2018-10-26 10:15:25', 71, '2018-10-26 11:51:11', '2018-10-26 12:34:21');
insert into solicita values (64, '2018-05-12 18:24:36', 71, '2018-05-12 03:46:15', '2018-05-12 20:46:51');
insert into solicita values (10, '2018-11-15 14:36:37', 4, '2018-11-15 16:26:35', '2018-11-15 16:43:04');
insert into solicita values (70, '2018-01-27 07:32:54', 89, '2018-01-27 07:26:53', '2018-01-27 07:45:33');
insert into solicita values (3, '2018-02-13 22:26:03', 80, '2018-02-13 03:19:26', '2018-02-13 23:15:12');
insert into solicita values (65, '2018-02-07 04:15:21', 39, '2018-02-07 11:43:41', '2018-02-07 12:26:15');
insert into solicita values (89, '2018-11-09 17:25:39', 94, '2018-11-09 17:29:51', '2018-11-09 17:33:10');
insert into solicita values (25, '2018-06-11 21:53:45', 0, '2018-06-11 22:02:57', '2018-06-11 23:36:29');
insert into solicita values (11, '2018-09-05 21:57:35', 72, '2018-09-05 22:42:11', '2018-09-06 01:57:40');
insert into solicita values (72, '2018-08-29 04:59:48', 37, '2018-08-29 09:58:22', '2018-08-29 10:28:44');
insert into solicita values (24, '2018-06-16 16:26:49', 85, '2018-06-16 17:34:30', '2018-06-16 20:01:05');
insert into solicita values (65, '2018-02-08 07:33:16', 50, '2018-02-08 12:19:01', '2018-02-08 14:12:08');
insert into solicita values (5, '2018-01-26 15:25:27', 97, '2018-01-26 16:44:34', '2018-01-26 16:53:35');
insert into solicita values (74, '2018-05-19 17:18:57', 5, '2018-05-19 17:37:36', '2018-05-19 18:04:14');
insert into solicita values (59, '2018-04-19 03:25:55', 67, '2018-04-19 05:18:47', '2018-04-19 05:23:15');
insert into solicita values (86, '2018-09-20 08:27:28', 62, '2018-09-20 13:09:10', '2018-09-20 14:35:18');
insert into solicita values (85, '2018-07-29 03:03:08', 4, '2018-07-29 04:30:04', '2018-07-29 07:36:06');
insert into solicita values (51, '2018-03-16 19:31:37', 43, '2018-03-16 21:30:48', '2018-03-16 21:57:06');
insert into solicita values (96, '2018-11-07 05:42:02', 72, '2018-11-07 08:34:09', '2018-11-07 09:38:54');
insert into solicita values (37, '2018-03-22 22:13:25', 96, '2018-03-22 23:53:08', '2018-03-23 01:47:41');
insert into solicita values (42, '2018-08-29 04:59:48', 37, '2018-08-29 06:23:42', '2018-08-29 10:39:27');
insert into solicita values (43, '2018-11-14 06:19:21', 93, '2018-11-14 09:51:55', '2018-11-14 12:58:35');
insert into solicita values (58, '2018-04-01 11:48:11', 90, '2018-04-01 11:50:45', '2018-04-01 16:20:14');
insert into solicita values (38, '2018-08-13 13:09:52', 17, '2018-08-13 16:44:01', '2018-08-13 17:39:03');
insert into solicita values (63, '2018-04-04 14:13:25', 23, '2018-04-04 15:51:04', '2018-04-04 16:12:26');
insert into solicita values (71, '2018-07-19 20:27:55', 95, '2018-07-19 20:28:22', '2018-07-19 22:31:47');
