insert into camara values (0);
insert into camara values (1);
insert into camara values (2);
insert into camara values (3);
insert into camara values (4);
insert into camara values (5);
insert into camara values (6);
insert into camara values (7);
insert into camara values (8);
insert into camara values (9);
insert into camara values (10);
insert into camara values (11);
insert into camara values (12);
insert into camara values (13);
insert into camara values (14);
insert into camara values (15);
insert into camara values (16);
insert into camara values (17);
insert into camara values (18);
insert into camara values (19);
insert into camara values (20);
insert into camara values (21);
insert into camara values (22);
insert into camara values (23);
insert into camara values (24);
insert into camara values (25);
insert into camara values (26);
insert into camara values (27);
insert into camara values (28);
insert into camara values (29);
insert into camara values (30);
insert into camara values (31);
insert into camara values (32);
insert into camara values (33);
insert into camara values (34);
insert into camara values (35);
insert into camara values (36);
insert into camara values (37);
insert into camara values (38);
insert into camara values (39);
insert into camara values (40);
insert into camara values (41);
insert into camara values (42);
insert into camara values (43);
insert into camara values (44);
insert into camara values (45);
insert into camara values (46);
insert into camara values (47);
insert into camara values (48);
insert into camara values (49);
insert into camara values (50);
insert into camara values (51);
insert into camara values (52);
insert into camara values (53);
insert into camara values (54);
insert into camara values (55);
insert into camara values (56);
insert into camara values (57);
insert into camara values (58);
insert into camara values (59);
insert into camara values (60);
insert into camara values (61);
insert into camara values (62);
insert into camara values (63);
insert into camara values (64);
insert into camara values (65);
insert into camara values (66);
insert into camara values (67);
insert into camara values (68);
insert into camara values (69);
insert into camara values (70);
insert into camara values (71);
insert into camara values (72);
insert into camara values (73);
insert into camara values (74);
insert into camara values (75);
insert into camara values (76);
insert into camara values (77);
insert into camara values (78);
insert into camara values (79);
insert into camara values (80);
insert into camara values (81);
insert into camara values (82);
insert into camara values (83);
insert into camara values (84);
insert into camara values (85);
insert into camara values (86);
insert into camara values (87);
insert into camara values (88);
insert into camara values (89);
insert into camara values (90);
insert into camara values (91);
insert into camara values (92);
insert into camara values (93);
insert into camara values (94);
insert into camara values (95);
insert into camara values (96);
insert into camara values (97);
insert into camara values (98);
insert into camara values (99);


insert into video values ('2018-08-22 14:51:20', '2018-08-22 02:36:24', 1);
insert into video values ('2018-11-12 12:11:52', '2018-11-12 19:31:33', 2);
insert into video values ('2018-03-30 15:20:50', '2018-03-31 03:52:39', 3);
insert into video values ('2018-11-21 19:15:29', '2018-11-21 02:31:19', 3);
insert into video values ('2018-05-28 02:56:09', '2018-05-28 08:32:38', 4);
insert into video values ('2018-08-23 21:29:42', '2018-08-23 03:15:08', 5);
insert into video values ('2018-05-16 10:10:31', '2018-05-16 11:15:19', 5);
insert into video values ('2018-10-08 04:28:18', '2018-10-08 06:58:28', 5);
insert into video values ('2018-03-03 11:20:41', '2018-03-03 20:09:16', 6);
insert into video values ('2018-10-29 13:37:01', '2018-10-29 21:57:51', 6);
insert into video values ('2018-06-14 03:09:13', '2018-06-14 12:20:01', 6);
insert into video values ('2018-06-30 23:29:29', '2018-06-30 06:23:12', 6);
insert into video values ('2018-08-14 05:15:53', '2018-08-14 14:08:22', 7);
insert into video values ('2018-03-18 14:01:36', '2018-03-18 22:36:05', 7);
insert into video values ('2018-09-23 04:13:42', '2018-09-23 09:32:29', 8);
insert into video values ('2018-06-04 03:48:41', '2018-06-04 10:54:34', 9);
insert into video values ('2018-04-24 14:54:48', '2018-04-24 20:05:13', 9);
insert into video values ('2018-03-15 17:54:15', '2018-03-15 20:08:11', 9);
insert into video values ('2018-05-23 16:34:25', '2018-05-23 21:34:40', 9);
insert into video values ('2018-08-29 03:11:54', '2018-08-29 12:39:11', 10);
insert into video values ('2018-09-17 20:48:36', '2018-09-18 08:21:29', 10);
insert into video values ('2018-05-26 07:56:15', '2018-05-26 18:47:48', 10);
insert into video values ('2018-11-30 07:26:53', '2018-11-30 18:03:21', 11);
insert into video values ('2018-02-13 17:13:40', '2018-02-13 22:31:07', 12);
insert into video values ('2018-09-24 14:05:44', '2018-09-24 15:52:19', 12);
insert into video values ('2018-10-01 05:29:12', '2018-10-01 12:58:52', 13);
insert into video values ('2018-05-14 13:51:26', '2018-05-14 14:24:23', 13);
insert into video values ('2018-07-18 08:56:11', '2018-07-18 13:16:24', 14);
insert into video values ('2018-06-29 04:48:21', '2018-06-29 04:28:26', 16);
insert into video values ('2018-02-12 19:35:03', '2018-02-13 01:11:31', 16);
insert into video values ('2018-11-02 02:55:29', '2018-11-02 11:01:47', 16);
insert into video values ('2018-10-08 03:17:14', '2018-10-08 13:43:55', 16);
insert into video values ('2018-05-25 03:57:51', '2018-05-25 11:28:26', 17);
insert into video values ('2018-03-17 12:45:24', '2018-03-17 14:42:36', 17);
insert into video values ('2018-08-15 20:25:28', '2018-08-15 23:05:58', 17);
insert into video values ('2018-05-29 11:09:18', '2018-05-29 21:21:52', 17);
insert into video values ('2018-05-24 22:02:58', '2018-05-24 22:50:58', 18);
insert into video values ('2018-05-04 19:58:27', '2018-05-05 05:37:35', 18);
insert into video values ('2018-03-14 15:32:09', '2018-03-15 03:41:40', 19);
insert into video values ('2018-05-09 08:45:57', '2018-05-09 13:25:56', 19);
insert into video values ('2018-10-22 14:31:20', '2018-10-22 19:45:11', 19);
insert into video values ('2018-10-18 11:35:11', '2018-10-18 12:49:57', 20);
insert into video values ('2018-08-25 16:48:51', '2018-08-25 03:19:28', 20);
insert into video values ('2018-09-25 13:28:20', '2018-09-25 19:32:49', 21);
insert into video values ('2018-08-22 19:49:49', '2018-08-22 08:41:07', 21);
insert into video values ('2018-11-25 23:12:28', '2018-11-25 06:49:11', 21);
insert into video values ('2018-07-27 23:03:01', '2018-07-28 10:49:15', 23);
insert into video values ('2018-07-18 11:08:49', '2018-07-18 22:47:06', 23);
insert into video values ('2018-08-16 02:03:52', '2018-08-16 08:06:15', 23);
insert into video values ('2018-09-17 09:57:31', '2018-09-17 19:43:35', 24);
insert into video values ('2018-10-04 05:52:31', '2018-10-04 15:24:18', 24);
insert into video values ('2018-09-25 02:09:13', '2018-09-25 02:14:05', 25);
insert into video values ('2018-06-03 23:44:11', '2018-06-04 04:59:42', 25);
insert into video values ('2018-07-08 18:01:46', '2018-07-09 05:12:27', 26);
insert into video values ('2018-04-30 05:30:28', '2018-04-30 06:13:03', 26);
insert into video values ('2018-07-10 09:01:56', '2018-07-10 09:10:53', 26);
insert into video values ('2018-07-15 04:45:11', '2018-07-15 14:48:03', 26);
insert into video values ('2018-10-05 02:28:05', '2018-10-05 06:08:31', 27);
insert into video values ('2018-03-26 13:10:46', '2018-03-26 23:23:46', 27);
insert into video values ('2018-09-03 14:26:48', '2018-09-03 19:28:08', 29);
insert into video values ('2018-02-06 17:30:52', '2018-02-06 19:58:44', 29);
insert into video values ('2018-05-25 03:40:18', '2018-05-25 06:23:19', 31);
insert into video values ('2018-06-05 13:43:07', '2018-06-05 18:53:07', 31);
insert into video values ('2018-11-01 03:06:31', '2018-11-01 05:36:07', 31);
insert into video values ('2018-05-09 22:16:06', '2018-05-10 02:12:51', 32);
insert into video values ('2018-10-11 18:36:12', '2018-10-12 02:47:48', 32);
insert into video values ('2018-04-04 20:34:31', '2018-04-04 03:31:40', 32);
insert into video values ('2018-10-30 08:03:10', '2018-10-30 11:35:02', 32);
insert into video values ('2018-07-20 01:41:47', '2018-07-20 03:48:37', 33);
insert into video values ('2018-09-05 09:51:25', '2018-09-05 13:32:09', 33);
insert into video values ('2018-10-01 16:51:44', '2018-10-01 01:29:22', 34);
insert into video values ('2018-02-01 14:50:22', '2018-02-01 21:16:29', 34);
insert into video values ('2018-02-16 07:19:55', '2018-02-16 16:09:08', 34);
insert into video values ('2018-01-23 11:41:01', '2018-01-23 14:58:47', 34);
insert into video values ('2018-02-14 12:18:36', '2018-02-14 21:30:37', 35);
insert into video values ('2018-09-01 23:15:13', '2018-09-01 09:48:31', 36);
insert into video values ('2018-04-26 17:19:13', '2018-04-26 21:38:21', 36);
insert into video values ('2018-09-23 13:53:29', '2018-09-23 17:41:14', 37);
insert into video values ('2018-07-26 12:47:51', '2018-07-26 13:32:14', 37);
insert into video values ('2018-05-05 21:41:19', '2018-05-05 21:16:11', 37);
insert into video values ('2018-04-20 12:14:15', '2018-04-20 16:52:39', 37);
insert into video values ('2018-04-07 01:08:54', '2018-04-07 02:09:02', 38);
insert into video values ('2018-06-17 20:20:21', '2018-06-17 08:02:04', 38);
insert into video values ('2018-08-19 02:06:38', '2018-08-19 08:59:57', 39);
insert into video values ('2018-04-18 06:17:44', '2018-04-18 16:12:54', 40);
insert into video values ('2018-08-27 05:16:03', '2018-08-27 11:36:10', 40);
insert into video values ('2018-05-06 11:51:46', '2018-05-06 14:48:30', 40);
insert into video values ('2018-10-19 20:30:43', '2018-10-19 23:52:19', 41);
insert into video values ('2018-10-08 03:39:26', '2018-10-08 10:28:19', 41);
insert into video values ('2018-07-25 08:38:01', '2018-07-25 16:26:12', 41);
insert into video values ('2018-07-01 05:49:12', '2018-07-01 06:22:26', 42);
insert into video values ('2018-04-19 09:37:56', '2018-04-19 09:35:57', 43);
insert into video values ('2018-04-28 12:35:16', '2018-04-28 16:26:41', 43);
insert into video values ('2018-09-25 19:36:11', '2018-09-25 01:49:25', 43);
insert into video values ('2018-03-27 11:08:26', '2018-03-27 22:09:01', 43);
insert into video values ('2018-06-16 10:41:45', '2018-06-16 19:36:33', 44);
insert into video values ('2018-10-01 18:41:49', '2018-10-01 01:08:37', 44);
insert into video values ('2018-11-14 06:31:08', '2018-11-14 11:12:09', 45);
insert into video values ('2018-06-30 23:55:33', '2018-07-01 01:26:22', 46);
insert into video values ('2018-01-01 16:48:32', '2018-01-02 04:56:33', 46);
insert into video values ('2018-07-21 12:54:18', '2018-07-21 21:53:08', 46);
insert into video values ('2018-07-29 01:31:32', '2018-07-29 07:18:19', 48);
insert into video values ('2018-06-12 23:11:35', '2018-06-12 07:41:36', 48);
insert into video values ('2018-01-17 14:36:24', '2018-01-17 18:57:53', 48);
insert into video values ('2018-11-07 09:47:16', '2018-11-07 12:22:40', 48);
insert into video values ('2018-02-10 14:32:08', '2018-02-10 01:35:47', 49);
insert into video values ('2018-01-30 01:29:26', '2018-01-30 05:50:33', 49);
insert into video values ('2018-11-10 05:22:45', '2018-11-10 07:02:20', 50);
insert into video values ('2018-08-01 12:27:10', '2018-08-01 20:21:38', 50);
insert into video values ('2018-02-25 09:52:49', '2018-02-25 12:25:26', 50);
insert into video values ('2018-07-06 03:32:17', '2018-07-06 14:29:58', 51);
insert into video values ('2018-10-30 06:26:35', '2018-10-30 08:01:19', 51);
insert into video values ('2018-07-08 12:54:31', '2018-07-08 22:13:34', 51);
insert into video values ('2018-06-05 16:15:49', '2018-06-05 03:55:25', 52);
insert into video values ('2018-04-18 03:43:27', '2018-04-18 13:36:01', 53);
insert into video values ('2018-09-09 03:43:40', '2018-09-09 07:04:23', 53);
insert into video values ('2018-05-18 05:49:49', '2018-05-18 11:42:31', 54);
insert into video values ('2018-06-18 02:06:08', '2018-06-18 04:58:44', 54);
insert into video values ('2018-01-28 11:03:19', '2018-01-28 22:58:16', 54);
insert into video values ('2018-07-18 14:15:02', '2018-07-19 02:44:12', 54);
insert into video values ('2018-10-12 03:35:08', '2018-10-12 12:55:16', 55);
insert into video values ('2018-08-10 12:36:19', '2018-08-10 20:32:42', 55);
insert into video values ('2018-01-21 15:32:02', '2018-01-21 20:17:36', 56);
insert into video values ('2018-06-27 03:12:17', '2018-06-27 03:47:32', 56);
insert into video values ('2018-04-20 08:15:48', '2018-04-20 17:01:21', 56);
insert into video values ('2018-08-01 15:52:07', '2018-08-01 23:48:25', 56);
insert into video values ('2018-10-28 19:19:55', '2018-10-28 23:22:30', 57);
insert into video values ('2018-07-04 09:29:21', '2018-07-04 15:28:25', 57);
insert into video values ('2018-11-22 22:36:17', '2018-11-22 02:39:16', 57);
insert into video values ('2018-02-06 15:39:31', '2018-02-06 01:08:58', 58);
insert into video values ('2018-06-28 01:10:21', '2018-06-28 04:51:25', 58);
insert into video values ('2018-07-18 21:55:23', '2018-07-19 09:31:25', 58);
insert into video values ('2018-06-19 05:38:50', '2018-06-19 07:55:29', 58);
insert into video values ('2018-05-07 11:37:03', '2018-05-07 16:34:40', 63);
insert into video values ('2018-09-24 22:06:28', '2018-09-24 23:24:47', 63);
insert into video values ('2018-09-06 05:49:54', '2018-09-06 06:36:16', 63);
insert into video values ('2018-01-03 16:11:11', '2018-01-04 02:51:43', 63);
insert into video values ('2018-09-08 15:15:52', '2018-09-08 23:33:05', 64);
insert into video values ('2018-01-05 05:31:05', '2018-01-05 12:02:17', 64);
insert into video values ('2018-11-11 14:52:53', '2018-11-11 16:21:41', 65);
insert into video values ('2018-08-14 10:03:44', '2018-08-14 20:11:54', 65);
insert into video values ('2018-05-12 21:24:01', '2018-05-12 01:56:33', 67);
insert into video values ('2018-01-04 22:41:07', '2018-01-05 04:16:08', 68);
insert into video values ('2018-06-27 03:47:35', '2018-06-27 09:06:21', 68);
insert into video values ('2018-03-03 01:48:05', '2018-03-03 06:36:44', 68);
insert into video values ('2018-04-27 23:51:34', '2018-04-27 08:45:47', 71);
insert into video values ('2018-06-24 13:40:28', '2018-06-24 15:30:06', 71);
insert into video values ('2018-08-17 06:14:34', '2018-08-17 07:41:54', 71);
insert into video values ('2018-04-07 14:06:31', '2018-04-07 20:55:53', 71);
insert into video values ('2018-05-08 18:49:22', '2018-05-08 06:06:41', 72);
insert into video values ('2018-10-13 19:51:54', '2018-10-13 21:52:48', 73);
insert into video values ('2018-08-14 08:20:38', '2018-08-14 11:49:17', 74);
insert into video values ('2018-06-14 19:37:38', '2018-06-14 05:04:51', 78);
insert into video values ('2018-11-07 04:08:03', '2018-11-07 07:28:36', 78);
insert into video values ('2018-01-07 02:31:18', '2018-01-07 09:14:26', 79);
insert into video values ('2018-11-18 18:54:57', '2018-11-18 21:28:49', 80);
insert into video values ('2018-08-26 07:08:06', '2018-08-26 17:58:50', 80);
insert into video values ('2018-04-05 06:40:22', '2018-04-05 17:36:38', 80);
insert into video values ('2018-11-02 12:55:57', '2018-11-02 20:41:34', 81);
insert into video values ('2018-11-01 13:47:34', '2018-11-01 21:47:48', 82);
insert into video values ('2018-03-06 01:21:39', '2018-03-06 01:16:11', 82);
insert into video values ('2018-11-10 14:29:37', '2018-11-10 21:44:52', 83);
insert into video values ('2018-07-01 08:28:15', '2018-07-01 12:08:10', 84);
insert into video values ('2018-07-25 07:49:10', '2018-07-25 09:20:24', 84);
insert into video values ('2018-06-17 06:09:20', '2018-06-17 09:54:27', 84);
insert into video values ('2018-10-14 19:15:25', '2018-10-14 21:02:05', 85);
insert into video values ('2018-09-10 21:03:16', '2018-09-10 09:41:39', 85);
insert into video values ('2018-10-05 16:25:14', '2018-10-05 01:12:04', 85);
insert into video values ('2018-02-02 17:50:25', '2018-02-03 03:57:52', 86);
insert into video values ('2018-10-31 06:49:22', '2018-10-31 17:08:05', 86);
insert into video values ('2018-03-31 09:15:11', '2018-03-31 15:47:39', 86);
insert into video values ('2018-11-10 19:06:25', '2018-11-10 01:55:57', 87);
insert into video values ('2018-11-16 20:47:36', '2018-11-17 05:27:12', 87);
insert into video values ('2018-07-16 23:47:02', '2018-07-16 11:23:09', 87);
insert into video values ('2018-10-07 22:17:41', '2018-10-07 22:36:47', 88);
insert into video values ('2018-01-08 06:25:19', '2018-01-08 11:48:28', 88);
insert into video values ('2018-10-12 21:52:11', '2018-10-13 09:18:46', 88);
insert into video values ('2018-09-21 11:51:13', '2018-09-21 12:21:08', 89);
insert into video values ('2018-05-21 05:38:57', '2018-05-21 05:29:56', 89);
insert into video values ('2018-01-14 16:18:41', '2018-01-14 20:13:51', 89);
insert into video values ('2018-07-31 09:39:35', '2018-07-31 10:05:42', 90);
insert into video values ('2018-08-30 16:32:25', '2018-08-30 01:22:25', 91);
insert into video values ('2018-10-22 18:48:35', '2018-10-22 04:34:38', 91);
insert into video values ('2018-09-20 03:21:58', '2018-09-20 09:11:36', 91);
insert into video values ('2018-07-11 20:46:35', '2018-07-11 21:15:55', 96);
insert into video values ('2018-04-01 08:20:54', '2018-04-01 16:11:03', 96);
insert into video values ('2018-06-12 02:39:35', '2018-06-12 09:19:26', 97);
insert into video values ('2018-07-27 01:27:20', '2018-07-27 04:42:58', 97);
insert into video values ('2018-05-21 06:32:36', '2018-05-21 17:46:15', 98);
insert into video values ('2018-08-31 12:57:18', '2018-08-31 22:27:26', 98);
insert into video values ('2018-03-29 20:02:29', '2018-03-30 05:17:31', 98);
insert into video values ('2018-07-31 22:50:20', '2018-08-01 02:18:41', 98);
insert into video values ('2018-05-15 15:24:50', '2018-05-15 21:22:57', 99);
insert into video values ('2018-11-07 11:28:41', '2018-11-07 12:49:55', 99);


insert into segmentoVideo values (0, '11:45:05', '2018-08-22 14:51:20',1);
insert into segmentoVideo values (0, '08:19:40', '2018-11-12 12:11:52',2);
insert into segmentoVideo values (0, '12:32:48', '2018-03-30 15:20:50',3);
insert into segmentoVideo values (0, '07:16:49', '2018-11-21 19:15:29',3);
insert into segmentoVideo values (0, '06:35:29', '2018-05-28 02:56:09',4);
insert into segmentoVideo values (0, '04:45:25', '2018-08-23 21:29:42',5);
insert into segmentoVideo values (0, '02:05:47', '2018-05-16 10:10:31',5);
insert into segmentoVideo values (0, '02:30:09', '2018-10-08 04:28:18',5);
insert into segmentoVideo values (0, '09:48:34', '2018-03-03 11:20:41',6);
insert into segmentoVideo values (0, '09:21:51', '2018-10-29 13:37:01',6);
insert into segmentoVideo values (0, '09:11:48', '2018-06-14 03:09:13',6);
insert into segmentoVideo values (0, '06:53:42', '2018-06-30 23:29:29',6);
insert into segmentoVideo values (0, '10:52:28', '2018-08-14 05:15:53',7);
insert into segmentoVideo values (0, '09:35:28', '2018-03-18 14:01:36',7);
insert into segmentoVideo values (0, '06:18:47', '2018-09-23 04:13:42',8);
insert into segmentoVideo values (0, '08:06:51', '2018-06-04 03:48:41',9);
insert into segmentoVideo values (0, '06:09:24', '2018-04-24 14:54:48',9);
insert into segmentoVideo values (0, '04:13:55', '2018-03-15 17:54:15',9);
insert into segmentoVideo values (0, '06:01:15', '2018-05-23 16:34:25',9);
insert into segmentoVideo values (0, '09:28:15', '2018-08-29 03:11:54',10);
insert into segmentoVideo values (0, '11:32:52', '2018-09-17 20:48:36',10);
insert into segmentoVideo values (0, '11:50:34', '2018-05-26 07:56:15',10);
insert into segmentoVideo values (0, '11:36:27', '2018-11-30 07:26:53',11);
insert into segmentoVideo values (0, '06:18:26', '2018-02-13 17:13:40',12);
insert into segmentoVideo values (0, '02:48:34', '2018-09-24 14:05:44',12);
insert into segmentoVideo values (0, '07:30:41', '2018-10-01 05:29:12',13);
insert into segmentoVideo values (0, '01:32:57', '2018-05-14 13:51:26',13);
insert into segmentoVideo values (0, '05:20:13', '2018-07-18 08:56:11',14);
insert into segmentoVideo values (0, '01:40:05', '2018-06-29 04:48:21',16);
insert into segmentoVideo values (0, '05:35:28', '2018-02-12 19:35:03',16);
insert into segmentoVideo values (0, '09:06:17', '2018-11-02 02:55:29',16);
insert into segmentoVideo values (0, '11:26:41', '2018-10-08 03:17:14',16);
insert into segmentoVideo values (0, '08:30:35', '2018-05-25 03:57:51',17);
insert into segmentoVideo values (0, '02:57:12', '2018-03-17 12:45:24',17);
insert into segmentoVideo values (0, '04:40:31', '2018-08-15 20:25:28',17);
insert into segmentoVideo values (0, '11:12:35', '2018-05-29 11:09:18',17);
insert into segmentoVideo values (0, '01:48:01', '2018-05-24 22:02:58',18);
insert into segmentoVideo values (0, '09:39:08', '2018-05-04 19:58:27',18);
insert into segmentoVideo values (0, '12:09:32', '2018-03-14 15:32:09',19);
insert into segmentoVideo values (0, '06:39:58', '2018-05-09 08:45:57',19);
insert into segmentoVideo values (0, '06:14:49', '2018-10-22 14:31:20',19);
insert into segmentoVideo values (0, '01:14:46', '2018-10-18 11:35:11',20);
insert into segmentoVideo values (0, '10:30:35', '2018-08-25 16:48:51',20);
insert into segmentoVideo values (0, '06:04:30', '2018-09-25 13:28:20',21);
insert into segmentoVideo values (0, '12:50:17', '2018-08-22 19:49:49',21);
insert into segmentoVideo values (0, '07:37:42', '2018-11-25 23:12:28',21);
insert into segmentoVideo values (0, '11:47:14', '2018-07-27 23:03:01',23);
insert into segmentoVideo values (0, '11:39:16', '2018-07-18 11:08:49',23);
insert into segmentoVideo values (0, '06:03:22', '2018-08-16 02:03:52',23);
insert into segmentoVideo values (0, '10:46:05', '2018-09-17 09:57:31',24);
insert into segmentoVideo values (0, '11:31:47', '2018-10-04 05:52:31',24);
insert into segmentoVideo values (0, '01:05:51', '2018-09-25 02:09:13',25);
insert into segmentoVideo values (0, '05:16:31', '2018-06-03 23:44:11',25);
insert into segmentoVideo values (0, '10:12:41', '2018-07-08 18:01:46',26);
insert into segmentoVideo values (0, '02:42:34', '2018-04-30 05:30:28',26);
insert into segmentoVideo values (0, '01:09:57', '2018-07-10 09:01:56',26);
insert into segmentoVideo values (0, '10:03:51', '2018-07-15 04:45:11',26);
insert into segmentoVideo values (0, '04:39:26', '2018-10-05 02:28:05',27);
insert into segmentoVideo values (0, '10:13:59', '2018-03-26 13:10:46',27);
insert into segmentoVideo values (0, '05:02:18', '2018-09-03 14:26:48',29);
insert into segmentoVideo values (0, '02:28:51', '2018-02-06 17:30:52',29);
insert into segmentoVideo values (0, '04:42:01', '2018-05-25 03:40:18',31);
insert into segmentoVideo values (0, '05:11:01', '2018-06-05 13:43:07',31);
insert into segmentoVideo values (0, '02:31:35', '2018-11-01 03:06:31',31);
insert into segmentoVideo values (0, '03:55:45', '2018-05-09 22:16:06',32);
insert into segmentoVideo values (0, '07:12:35', '2018-10-11 18:36:12',32);
insert into segmentoVideo values (0, '07:57:09', '2018-04-04 20:34:31',32);
insert into segmentoVideo values (0, '03:32:51', '2018-10-30 08:03:10',32);
insert into segmentoVideo values (0, '02:07:50', '2018-07-20 01:41:47',33);
insert into segmentoVideo values (0, '05:41:44', '2018-09-05 09:51:25',33);
insert into segmentoVideo values (0, '08:37:37', '2018-10-01 16:51:44',34);
insert into segmentoVideo values (0, '07:25:08', '2018-02-01 14:50:22',34);
insert into segmentoVideo values (0, '09:49:12', '2018-02-16 07:19:55',34);
insert into segmentoVideo values (0, '03:18:46', '2018-01-23 11:41:01',34);
insert into segmentoVideo values (0, '10:13:01', '2018-02-14 12:18:36',35);
insert into segmentoVideo values (0, '10:34:18', '2018-09-01 23:15:13',36);
insert into segmentoVideo values (0, '04:19:08', '2018-04-26 17:19:13',36);
insert into segmentoVideo values (0, '04:47:45', '2018-09-23 13:53:29',37);
insert into segmentoVideo values (0, '02:45:23', '2018-07-26 12:47:51',37);
insert into segmentoVideo values (0, '01:35:51', '2018-05-05 21:41:19',37);
insert into segmentoVideo values (0, '04:38:25', '2018-04-20 12:14:15',37);
insert into segmentoVideo values (0, '02:01:08', '2018-04-07 01:08:54',38);
insert into segmentoVideo values (0, '11:41:42', '2018-06-17 20:20:21',38);
insert into segmentoVideo values (0, '07:54:18', '2018-08-19 02:06:38',39);
insert into segmentoVideo values (0, '11:54:10', '2018-04-18 06:17:44',40);
insert into segmentoVideo values (0, '06:20:07', '2018-08-27 05:16:03',40);
insert into segmentoVideo values (0, '03:56:43', '2018-05-06 11:51:46',40);
insert into segmentoVideo values (0, '04:22:36', '2018-10-19 20:30:43',41);
insert into segmentoVideo values (0, '07:47:52', '2018-10-08 03:39:26',41);
insert into segmentoVideo values (0, '08:48:11', '2018-07-25 08:38:01',41);
insert into segmentoVideo values (0, '01:32:14', '2018-07-01 05:49:12',42);
insert into segmentoVideo values (0, '01:58:01', '2018-04-19 09:37:56',43);
insert into segmentoVideo values (0, '04:50:26', '2018-04-28 12:35:16',43);
insert into segmentoVideo values (0, '05:14:15', '2018-09-25 19:36:11',43);
insert into segmentoVideo values (0, '12:01:33', '2018-03-27 11:08:26',43);
insert into segmentoVideo values (0, '10:55:47', '2018-06-16 10:41:45',44);
insert into segmentoVideo values (0, '06:26:48', '2018-10-01 18:41:49',44);
insert into segmentoVideo values (0, '05:41:01', '2018-11-14 06:31:08',45);
insert into segmentoVideo values (0, '01:31:48', '2018-06-30 23:55:33',46);
insert into segmentoVideo values (0, '12:08:01', '2018-01-01 16:48:32',46);
insert into segmentoVideo values (0, '09:58:49', '2018-07-21 12:54:18',46);
insert into segmentoVideo values (0, '07:46:45', '2018-07-29 01:31:32',48);
insert into segmentoVideo values (0, '08:31:02', '2018-06-12 23:11:35',48);
insert into segmentoVideo values (0, '05:22:29', '2018-01-17 14:36:24',48);
insert into segmentoVideo values (0, '04:34:24', '2018-11-07 09:47:16',48);
insert into segmentoVideo values (0, '10:04:39', '2018-02-10 14:32:08',49);
insert into segmentoVideo values (0, '04:21:07', '2018-01-30 01:29:26',49);
insert into segmentoVideo values (0, '02:38:34', '2018-11-10 05:22:45',50);
insert into segmentoVideo values (0, '08:53:28', '2018-08-01 12:27:10',50);
insert into segmentoVideo values (0, '04:32:36', '2018-02-25 09:52:49',50);
insert into segmentoVideo values (0, '12:57:41', '2018-07-06 03:32:17',51);
insert into segmentoVideo values (0, '02:34:43', '2018-10-30 06:26:35',51);
insert into segmentoVideo values (0, '10:19:03', '2018-07-08 12:54:31',51);
insert into segmentoVideo values (0, '10:40:35', '2018-06-05 16:15:49',52);
insert into segmentoVideo values (0, '10:52:33', '2018-04-18 03:43:27',53);
insert into segmentoVideo values (0, '05:20:42', '2018-09-09 03:43:40',53);
insert into segmentoVideo values (0, '06:52:41', '2018-05-18 05:49:49',54);
insert into segmentoVideo values (0, '02:52:36', '2018-06-18 02:06:08',54);
insert into segmentoVideo values (0, '12:55:57', '2018-01-28 11:03:19',54);
insert into segmentoVideo values (0, '11:30:11', '2018-07-18 14:15:02',54);
insert into segmentoVideo values (0, '09:20:09', '2018-10-12 03:35:08',55);
insert into segmentoVideo values (0, '08:56:24', '2018-08-10 12:36:19',55);
insert into segmentoVideo values (0, '05:44:35', '2018-01-21 15:32:02',56);
insert into segmentoVideo values (0, '01:35:15', '2018-06-27 03:12:17',56);
insert into segmentoVideo values (0, '09:45:31', '2018-04-20 08:15:48',56);
insert into segmentoVideo values (0, '09:55:18', '2018-08-01 15:52:07',56);
insert into segmentoVideo values (0, '04:03:34', '2018-10-28 19:19:55',57);
insert into segmentoVideo values (0, '06:59:04', '2018-07-04 09:29:21',57);
insert into segmentoVideo values (0, '03:03:58', '2018-11-22 22:36:17',57);
insert into segmentoVideo values (0, '09:28:28', '2018-02-06 15:39:31',58);
insert into segmentoVideo values (0, '04:41:05', '2018-06-28 01:10:21',58);
insert into segmentoVideo values (0, '11:36:02', '2018-07-18 21:55:23',58);
insert into segmentoVideo values (0, '03:17:39', '2018-06-19 05:38:50',58);
insert into segmentoVideo values (0, '05:57:37', '2018-05-07 11:37:03',63);
insert into segmentoVideo values (0, '01:19:20', '2018-09-24 22:06:28',63);
insert into segmentoVideo values (0, '01:47:22', '2018-09-06 05:49:54',63);
insert into segmentoVideo values (0, '10:41:32', '2018-01-03 16:11:11',63);
insert into segmentoVideo values (0, '08:18:12', '2018-09-08 15:15:52',64);
insert into segmentoVideo values (0, '08:31:12', '2018-01-05 05:31:05',64);
insert into segmentoVideo values (0, '02:28:47', '2018-11-11 14:52:53',65);
insert into segmentoVideo values (0, '10:08:09', '2018-08-14 10:03:44',65);
insert into segmentoVideo values (0, '03:32:33', '2018-05-12 21:24:01',67);
insert into segmentoVideo values (0, '06:35:01', '2018-01-04 22:41:07',68);
insert into segmentoVideo values (0, '06:18:46', '2018-06-27 03:47:35',68);
insert into segmentoVideo values (0, '06:48:38', '2018-03-03 01:48:05',68);
insert into segmentoVideo values (0, '08:54:13', '2018-04-27 23:51:34',71);
insert into segmentoVideo values (0, '02:49:38', '2018-06-24 13:40:28',71);
insert into segmentoVideo values (0, '02:28:21', '2018-08-17 06:14:34',71);
insert into segmentoVideo values (0, '07:49:23', '2018-04-07 14:06:31',71);
insert into segmentoVideo values (0, '11:16:19', '2018-05-08 18:49:22',72);
insert into segmentoVideo values (0, '02:01:54', '2018-10-13 19:51:54',73);
insert into segmentoVideo values (0, '04:29:38', '2018-08-14 08:20:38',74);
insert into segmentoVideo values (0, '10:26:13', '2018-06-14 19:37:38',78);
insert into segmentoVideo values (0, '03:21:32', '2018-11-07 04:08:03',78);
insert into segmentoVideo values (0, '07:43:08', '2018-01-07 02:31:18',79);
insert into segmentoVideo values (0, '03:33:51', '2018-11-18 18:54:57',80);
insert into segmentoVideo values (0, '10:51:44', '2018-08-26 07:08:06',80);
insert into segmentoVideo values (0, '11:55:15', '2018-04-05 06:40:22',80);
insert into segmentoVideo values (0, '09:45:36', '2018-11-02 12:55:57',81);
insert into segmentoVideo values (0, '09:59:14', '2018-11-01 13:47:34',82);
insert into segmentoVideo values (0, '01:54:31', '2018-03-06 01:21:39',82);
insert into segmentoVideo values (0, '08:15:15', '2018-11-10 14:29:37',83);
insert into segmentoVideo values (0, '04:39:54', '2018-07-01 08:28:15',84);
insert into segmentoVideo values (0, '02:31:15', '2018-07-25 07:49:10',84);
insert into segmentoVideo values (0, '03:45:08', '2018-06-17 06:09:20',84);
insert into segmentoVideo values (0, '02:46:39', '2018-10-14 19:15:25',85);
insert into segmentoVideo values (0, '11:38:23', '2018-09-10 21:03:16',85);
insert into segmentoVideo values (0, '08:46:49', '2018-10-05 16:25:14',85);
insert into segmentoVideo values (0, '09:07:28', '2018-02-02 17:50:25',86);
insert into segmentoVideo values (0, '12:17:42', '2018-10-31 06:49:22',86);
insert into segmentoVideo values (0, '07:32:29', '2018-03-31 09:15:11',86);
insert into segmentoVideo values (0, '05:50:31', '2018-11-10 19:06:25',87);
insert into segmentoVideo values (0, '08:39:35', '2018-11-16 20:47:36',87);
insert into segmentoVideo values (0, '11:35:07', '2018-07-16 23:47:02',87);
insert into segmentoVideo values (0, '01:20:06', '2018-10-07 22:17:41',88);
insert into segmentoVideo values (0, '06:24:09', '2018-01-08 06:25:19',88);
insert into segmentoVideo values (0, '12:25:35', '2018-10-12 21:52:11',88);
insert into segmentoVideo values (0, '01:29:54', '2018-09-21 11:51:13',89);
insert into segmentoVideo values (0, '01:49:58', '2018-05-21 05:38:57',89);
insert into segmentoVideo values (0, '04:55:11', '2018-01-14 16:18:41',89);
insert into segmentoVideo values (0, '01:25:08', '2018-07-31 09:39:35',90);
insert into segmentoVideo values (0, '08:49:59', '2018-08-30 16:32:25',91);
insert into segmentoVideo values (0, '10:45:03', '2018-10-22 18:48:35',91);
insert into segmentoVideo values (0, '06:49:36', '2018-09-20 03:21:58',91);
insert into segmentoVideo values (0, '01:29:21', '2018-07-11 20:46:35',96);
insert into segmentoVideo values (0, '08:49:08', '2018-04-01 08:20:54',96);
insert into segmentoVideo values (0, '06:39:51', '2018-06-12 02:39:35',97);
insert into segmentoVideo values (0, '04:15:38', '2018-07-27 01:27:20',97);
insert into segmentoVideo values (0, '11:13:39', '2018-05-21 06:32:36',98);
insert into segmentoVideo values (0, '10:30:08', '2018-08-31 12:57:18',98);
insert into segmentoVideo values (0, '09:16:03', '2018-03-29 20:02:29',98);
insert into segmentoVideo values (0, '04:28:22', '2018-07-31 22:50:20',98);
insert into segmentoVideo values (0, '06:57:06', '2018-05-15 15:24:50',99);
insert into segmentoVideo values (0, '01:22:15', '2018-11-07 11:28:41',99);


insert into local values ('Cadilhe');
insert into local values ('Granho Novo');
insert into local values ('Fraiao (Povoa de Varzim)');
insert into local values ('Monchique');
insert into local values ('Luilhas');
insert into local values ('Casal da Rola');
insert into local values ('Ancos (Montelavar)');
insert into local values ('Caminho Largo');
insert into local values ('Granja do Marquês');
insert into local values ('Ordem (Povoa de Varzim)');
insert into local values ('Cruz (Povoa de Varzim)');
insert into local values ('Mourilhe (Povoa de Varzim)');
insert into local values ('Castelo Picao');
insert into local values ('Amorim de Cima');
insert into local values ('Alveijar (Fatima)');
insert into local values ('Estanganhola');
insert into local values ('Cavadas');
insert into local values ('Foitos');
insert into local values ('Calvario (Povoa de Varzim)');
insert into local values ('Caturela');
insert into local values ('Aldeia (Agucadoura)');
insert into local values ('Casal Mouro');
insert into local values ('Bustelo (Oliveira de Azemeis)');
insert into local values ('Casalinho (Fatima)');
insert into local values ('Cuteres');
insert into local values ('Espadelos');
insert into local values ('Casal do Queijo');
insert into local values ('Aires (Setubal)');
insert into local values ('Oliveira do Hospital');
insert into local values ('Mamua');
insert into local values ('Estrada (Povoa de Varzim)');
insert into local values ('Giesteira (Fatima)');
insert into local values ('Esperanca (Ourem)');
insert into local values ('Calves');
insert into local values ('Aguias (Brotas)');
insert into local values ('Agra (Amorim)');
insert into local values ('Moita do Boi');
insert into local values ('Matos da Vila');
insert into local values ('Carregosa (Povoa de Varzim)');
insert into local values ('Aldeia Grande');
insert into local values ('Cabreira (Povoa de Varzim)');
insert into local values ('Abadia de Bouro');
insert into local values ('Machuqueiras');
insert into local values ('Malveira da Serra');
insert into local values ('Laundos (Povoa de Varzim)');
insert into local values ('Azedia');
insert into local values ('Mau Verde');
insert into local values ('Amoreirinha');
insert into local values ('Granjeiro (Agucadoura)');
insert into local values ('Matas do Lourical');
insert into local values ('Azoia (Sesimbra)');
insert into local values ('Granja de Alpriate');
insert into local values ('Crasto (Povoa de Varzim)');
insert into local values ('Fontainhas (Amorim)');
insert into local values ('Lousadelo');
insert into local values ('Gozundeira');
insert into local values ('Mem Martins');
insert into local values ('Brunhido');
insert into local values ('Moimento (Fatima)');
insert into local values ('Muleneta');
insert into local values ('Lugar da Pinta');
insert into local values ('Cruz Quebrada');
insert into local values ('Baldoia)');
insert into local values ('Amoreira (Fatima)');
insert into local values ('Burgada');
insert into local values ('Foz da Serta');
insert into local values ('Casais das Comeiras');
insert into local values ('Manique de Baixo');
insert into local values ('Casas Novas (Sintra)');
insert into local values ('Cova do Vapor');
insert into local values ('Casais de Alem');
insert into local values ('Casalinho');
insert into local values ('Bolfiar');
insert into local values ('Casas Brancas');
insert into local values ('Lomba (Fatima)');
insert into local values ('Frinjo');
insert into local values ('Gesta (Freguesia de Oia)');
insert into local values ('Covilha (Povoa de Varzim)');
insert into local values ('Gestrins');
insert into local values ('Aldeia (Amorim)');
insert into local values ('Cabeda');
insert into local values ('Cavaditas');
insert into local values ('Lacoes');
insert into local values ('Alcanica');
insert into local values ('Montelo (Fatima)');
insert into local values ('Eira da Pedra');
insert into local values ('Casal Resoneiro');
insert into local values ('Espinhal (Povoa de Varzim)');
insert into local values ('Cacinheira');
insert into local values ('Carvoeiro (Pampilhosa da Serra)');
insert into local values ('Mercês (Rio de Mouro)');
insert into local values ('Borda do Rio');
insert into local values ('Balancho');
insert into local values ('Miratejo');
insert into local values ('Alcorriol');
insert into local values ('Enxaminhos');
insert into local values ('Busano (Cascais)');
insert into local values ('Castanheira (Cos)');
insert into local values ('Foros de Amora');
insert into local values ('Melecas');
insert into local values ('Mogos');
insert into local values ('Moita Redonda');
insert into local values ('Mandim');
insert into local values ('Lourel');
insert into local values ('Amoreira Cimeira');
insert into local values ('Castelhanas');
insert into local values ('Abas da Raposeira');
insert into local values ('Assequins');
insert into local values ('Fomega');
insert into local values ('Caxieira');
insert into local values ('Funchalinho');
insert into local values ('Casais Brancos (Atouguia da Baleia)');
insert into local values ('Cova da Iria');
insert into local values ('Foros da Catrapona');
insert into local values ('Antoes');
insert into local values ('Amoreira Fundeira');
insert into local values ('Maria Vinagre');
insert into local values ('Castro de Nossa Senhora da Confianca');
insert into local values ('Maxieira');
insert into local values ('Algueirao');
insert into local values ('Lugar da Foz');
insert into local values ('Bouca');
insert into local values ('Areosa (Agucadoura)');
insert into local values ('Bairro de Almodena');
insert into local values ('Cruz de Pau');
insert into local values ('Casa Velha (Fatima)');
insert into local values ('Fujaco');
insert into local values ('Alem (Povoa de Varzim)');
insert into local values ('Aguas Ferreas (Povoa de Varzim)');
insert into local values ('Fontainha');


insert into vigia values ('Oliveira do Hospital', 94);
insert into vigia values ('Cova da Iria', 38);
insert into vigia values ('Baldoia)', 37);
insert into vigia values ('Miratejo', 17);
insert into vigia values ('Fujaco', 64);
insert into vigia values ('Abas da Raposeira', 58);
insert into vigia values ('Aldeia (Amorim)', 31);
insert into vigia values ('Monchique', 65);
insert into vigia values ('Oliveira do Hospital', 59);
insert into vigia values ('Aguias (Brotas)', 46);
insert into vigia values ('Monchique', 1);
insert into vigia values ('Calves', 71);
insert into vigia values ('Amorim de Cima', 48);
insert into vigia values ('Aldeia (Agucadoura)', 76);
insert into vigia values ('Manique de Baixo', 4);
insert into vigia values ('Bolfiar', 60);
insert into vigia values ('Muleneta', 92);
insert into vigia values ('Covilha (Povoa de Varzim)', 99);
insert into vigia values ('Assequins', 53);
insert into vigia values ('Eira da Pedra', 41);
insert into vigia values ('Casal Mouro', 74);
insert into vigia values ('Carregosa (Povoa de Varzim)', 12);
insert into vigia values ('Fraiao (Povoa de Varzim)', 39);
insert into vigia values ('Balancho', 40);
insert into vigia values ('Moita Redonda', 88);
insert into vigia values ('Calvario (Povoa de Varzim)', 9);
insert into vigia values ('Maria Vinagre', 67);
insert into vigia values ('Lugar da Pinta', 80);
insert into vigia values ('Amoreira Cimeira', 15);
insert into vigia values ('Caxieira', 11);
insert into vigia values ('Caminho Largo', 23);
insert into vigia values ('Ordem (Povoa de Varzim)', 0);
insert into vigia values ('Cruz (Povoa de Varzim)', 49);
insert into vigia values ('Casas Brancas', 10);
insert into vigia values ('Aires (Setubal)', 85);
insert into vigia values ('Crasto (Povoa de Varzim)', 42);
insert into vigia values ('Areosa (Agucadoura)', 77);
insert into vigia values ('Fontainha', 6);
insert into vigia values ('Antoes', 57);
insert into vigia values ('Cavaditas', 68);
insert into vigia values ('Cavadas', 44);
insert into vigia values ('Mau Verde', 51);
insert into vigia values ('Cruz Quebrada', 25);
insert into vigia values ('Casal Resoneiro', 82);
insert into vigia values ('Casalinho (Fatima)', 35);
insert into vigia values ('Funchalinho', 21);
insert into vigia values ('Abadia de Bouro', 56);
insert into vigia values ('Oliveira do Hospital', 69);
insert into vigia values ('Lourel', 90);
insert into vigia values ('Mercês (Rio de Mouro)', 34);
insert into vigia values ('Mem Martins', 79);
insert into vigia values ('Melecas', 50);
insert into vigia values ('Montelo (Fatima)', 61);
insert into vigia values ('Mandim', 78);
insert into vigia values ('Cacinheira', 54);
insert into vigia values ('Fontainhas (Amorim)', 27);
insert into vigia values ('Alem (Povoa de Varzim)', 47);
insert into vigia values ('Casalinho', 72);
insert into vigia values ('Casais de Alem', 95);
insert into vigia values ('Espinhal (Povoa de Varzim)', 3);
insert into vigia values ('Cadilhe', 29);
insert into vigia values ('Monchique', 19);
insert into vigia values ('Casal do Queijo', 86);
insert into vigia values ('Aguas Ferreas (Povoa de Varzim)', 83);
insert into vigia values ('Frinjo', 55);
insert into vigia values ('Azoia (Sesimbra)', 20);
insert into vigia values ('Granho Novo', 81);
insert into vigia values ('Granja de Alpriate', 8);
insert into vigia values ('Lousadelo', 91);
insert into vigia values ('Casas Novas (Sintra)', 24);
insert into vigia values ('Gestrins', 30);
insert into vigia values ('Brunhido', 93);
insert into vigia values ('Burgada', 28);
insert into vigia values ('Matas do Lourical', 43);
insert into vigia values ('Bairro de Almodena', 96);
insert into vigia values ('Granjeiro (Agucadoura)', 33);
insert into vigia values ('Lugar da Foz', 45);
insert into vigia values ('Fomega', 36);
insert into vigia values ('Bouca', 87);
insert into vigia values ('Malveira da Serra', 13);
insert into vigia values ('Cruz de Pau', 73);
insert into vigia values ('Aldeia Grande', 89);
insert into vigia values ('Amoreira (Fatima)', 5);
insert into vigia values ('Machuqueiras', 63);
insert into vigia values ('Giesteira (Fatima)', 7);
insert into vigia values ('Monchique', 52);
insert into vigia values ('Foz da Serta', 66);
insert into vigia values ('Casais Brancos (Atouguia da Baleia)', 26);
insert into vigia values ('Algueirao', 18);
insert into vigia values ('Luilhas', 22);
insert into vigia values ('Esperanca (Ourem)', 16);
insert into vigia values ('Castro de Nossa Senhora da Confianca', 2);
insert into vigia values ('Oliveira do Hospital', 62);
insert into vigia values ('Amoreirinha', 32);
insert into vigia values ('Bustelo (Oliveira de Azemeis)', 14);
insert into vigia values ('Monchique', 97);
insert into vigia values ('Laundos (Povoa de Varzim)', 70);
insert into vigia values ('Maxieira', 84);
insert into vigia values ('Moita do Boi', 98);
insert into vigia values ('Cabreira (Povoa de Varzim)', 75);
insert into vigia values ('Enxaminhos', 40);
insert into vigia values ('Cuteres', 7);
insert into vigia values ('Mamua', 84);
insert into vigia values ('Alcanica', 10);
insert into vigia values ('Casa Velha (Fatima)', 83);
insert into vigia values ('Monchique', 95);
insert into vigia values ('Foros de Amora', 30);
insert into vigia values ('Agra (Amorim)', 43);
insert into vigia values ('Espadelos', 29);
insert into vigia values ('Alveijar (Fatima)', 22);
insert into vigia values ('Castanheira (Cos)', 55);
insert into vigia values ('Cova do Vapor', 41);
insert into vigia values ('Matos da Vila', 89);
insert into vigia values ('Azedia', 91);
insert into vigia values ('Lacoes', 16);
insert into vigia values ('Casal da Rola', 18);
insert into vigia values ('Ancos (Montelavar)', 12);
insert into vigia values ('Cabeda', 92);
insert into vigia values ('Estanganhola', 8);
insert into vigia values ('Caturela', 31);
insert into vigia values ('Gesta (Freguesia de Oia)', 47);
insert into vigia values ('Foitos', 75);
insert into vigia values ('Alcorriol', 85);
insert into vigia values ('Busano (Cascais)', 5);
insert into vigia values ('Amoreira Fundeira', 24);
insert into vigia values ('Carvoeiro (Pampilhosa da Serra)', 2);
insert into vigia values ('Mourilhe (Povoa de Varzim)', 48);
insert into vigia values ('Moimento (Fatima)', 35);
insert into vigia values ('Foros da Catrapona', 60);
insert into vigia values ('Mogos', 44);
insert into vigia values ('Granja do Marquês', 73);
insert into vigia values ('Castelo Picao', 98);
insert into vigia values ('Estrada (Povoa de Varzim)', 78);
insert into vigia values ('Borda do Rio', 86);
insert into vigia values ('Gozundeira', 26);
insert into vigia values ('Casais das Comeiras', 71);
insert into vigia values ('Lomba (Fatima)', 51);
insert into vigia values ('Castelhanas', 69);


insert into processoSocorro values (919969669);
insert into processoSocorro values (392566595);
insert into processoSocorro values (221757190);
insert into processoSocorro values (519681163);
insert into processoSocorro values (569040332);
insert into processoSocorro values (605548086);
insert into processoSocorro values (984416709);
insert into processoSocorro values (268518226);
insert into processoSocorro values (175523184);
insert into processoSocorro values (874659309);
insert into processoSocorro values (477727835);
insert into processoSocorro values (814596673);
insert into processoSocorro values (213335994);
insert into processoSocorro values (121865217);
insert into processoSocorro values (667314443);
insert into processoSocorro values (304282404);
insert into processoSocorro values (267234774);
insert into processoSocorro values (216560159);
insert into processoSocorro values (10240422);
insert into processoSocorro values (242529865);
insert into processoSocorro values (592871136);
insert into processoSocorro values (600470711);
insert into processoSocorro values (614308509);
insert into processoSocorro values (143109793);
insert into processoSocorro values (867090165);
insert into processoSocorro values (44753534);
insert into processoSocorro values (903535923);
insert into processoSocorro values (294101231);
insert into processoSocorro values (257791492);
insert into processoSocorro values (769738298);
insert into processoSocorro values (412427168);
insert into processoSocorro values (62519899);
insert into processoSocorro values (459735013);
insert into processoSocorro values (303217083);
insert into processoSocorro values (113140580);
insert into processoSocorro values (824805927);
insert into processoSocorro values (675693740);
insert into processoSocorro values (825294163);
insert into processoSocorro values (139210379);
insert into processoSocorro values (338267345);
insert into processoSocorro values (525119125);
insert into processoSocorro values (354721665);
insert into processoSocorro values (813180301);
insert into processoSocorro values (628321692);
insert into processoSocorro values (63822330);
insert into processoSocorro values (532064418);
insert into processoSocorro values (225840822);
insert into processoSocorro values (998410925);
insert into processoSocorro values (569923777);
insert into processoSocorro values (457298337);
insert into processoSocorro values (545660809);
insert into processoSocorro values (299103077);
insert into processoSocorro values (431000839);
insert into processoSocorro values (906601663);
insert into processoSocorro values (980870829);
insert into processoSocorro values (277713178);
insert into processoSocorro values (876115394);
insert into processoSocorro values (822570735);
insert into processoSocorro values (193727990);
insert into processoSocorro values (123725230);
insert into processoSocorro values (632858848);
insert into processoSocorro values (664087694);
insert into processoSocorro values (10448640);
insert into processoSocorro values (432464249);
insert into processoSocorro values (113332264);
insert into processoSocorro values (606845867);
insert into processoSocorro values (388856674);
insert into processoSocorro values (403820307);
insert into processoSocorro values (709934818);
insert into processoSocorro values (174505875);
insert into processoSocorro values (265215197);
insert into processoSocorro values (399352190);
insert into processoSocorro values (251976835);
insert into processoSocorro values (701952223);
insert into processoSocorro values (956344416);
insert into processoSocorro values (560092163);
insert into processoSocorro values (65799502);
insert into processoSocorro values (529424103);
insert into processoSocorro values (484937965);
insert into processoSocorro values (367342335);
insert into processoSocorro values (761789602);
insert into processoSocorro values (548527986);
insert into processoSocorro values (580606850);
insert into processoSocorro values (209003402);
insert into processoSocorro values (29961105);
insert into processoSocorro values (351445741);
insert into processoSocorro values (770735551);
insert into processoSocorro values (963795735);
insert into processoSocorro values (368540765);
insert into processoSocorro values (449796002);
insert into processoSocorro values (640788924);
insert into processoSocorro values (792284852);
insert into processoSocorro values (264692458);
insert into processoSocorro values (632438805);
insert into processoSocorro values (457844018);
insert into processoSocorro values (262927841);
insert into processoSocorro values (776867704);
insert into processoSocorro values (145686430);
insert into processoSocorro values (250478585);
insert into processoSocorro values (135999055);


insert into eventoEmergencia values (939340936, '2018-07-16 20:18:22', 'Catarina Frietas', 'Mem Martins', 367342335);
insert into eventoEmergencia values (939732630, '2018-08-03 19:58:07', 'Artur Guedes', 'Monchique', 174505875);
insert into eventoEmergencia values (217620976, '2018-10-07 03:42:41', 'Carlos Pedreira', 'Gesta (Freguesia de Oia)', 294101231);
insert into eventoEmergencia values (917016759, '2018-09-16 11:51:38', 'Fernando Andrade', 'Funchalinho', 813180301);
insert into eventoEmergencia values (937274806, '2018-09-28 13:09:21', 'Francisca Caetano', 'Areosa (Agucadoura)', 412427168);
insert into eventoEmergencia values (966035303, '2018-07-30 23:16:35', 'Artur Pires', 'Oliveira do Hospital', 62519899);
insert into eventoEmergencia values (215105139, '2018-02-09 17:49:32', 'Carlos Santos', 'Carvoeiro (Pampilhosa da Serra)', 113332264);
insert into eventoEmergencia values (964204948, '2018-02-23 06:26:13', 'Jose Guedes', 'Mamua', 903535923);
insert into eventoEmergencia values (964865419, '2018-02-07 04:23:34', 'Xavier Torres', 'Laundos (Povoa de Varzim)', 209003402);
insert into eventoEmergencia values (917016759, '2018-09-03 22:39:15', 'Samuel Antunes', 'Aldeia Grande', 225840822);
insert into eventoEmergencia values (933262940, '2018-03-09 12:16:09', 'Graca Rocha', 'Casalinho (Fatima)', 477727835);
insert into eventoEmergencia values (214090326, '2018-06-13 17:16:29', 'Fabio Lameiras', 'Alem (Povoa de Varzim)', null);
insert into eventoEmergencia values (214817344, '2018-03-27 02:18:07', 'Vitoria Amorim', 'Casal Mouro', 980870829);
insert into eventoEmergencia values (966420723, '2018-10-29 21:56:28', 'Emanuel Dias', 'Gesta (Freguesia de Oia)', 776867704);
insert into eventoEmergencia values (919820780, '2018-01-30 18:20:38', 'Catia Almeida', 'Maria Vinagre', null);
insert into eventoEmergencia values (211626534, '2018-03-15 10:13:41', 'Sebastiao Azevedo', 'Maxieira', 431000839);
insert into eventoEmergencia values (962966884, '2018-02-03 14:31:57', 'Mario Branco', 'Mercês (Rio de Mouro)', 143109793);
insert into eventoEmergencia values (218847677, '2018-03-17 12:29:38', 'Hugo Ribeiro', 'Crasto (Povoa de Varzim)', 251976835);
insert into eventoEmergencia values (969257464, '2018-10-01 17:21:36', 'Vasco Barbosa', 'Monchique', 628321692);
insert into eventoEmergencia values (911612390, '2018-08-03 03:09:42', 'Mario Ribeiro', 'Casais das Comeiras', 822570735);
insert into eventoEmergencia values (213835265, '2018-02-19 22:52:38', 'Bruna Nascimento', 'Lousadelo', 874659309);
insert into eventoEmergencia values (933396632, '2018-02-23 07:58:18', 'Emanuel Domingues', 'Melecas', 268518226);
insert into eventoEmergencia values (966420723, '2018-06-28 16:19:43', 'Raul Neves', 'Algueirao', 175523184);
insert into eventoEmergencia values (961349437, '2018-01-25 10:09:25', 'Elisabete Semedo', 'Maria Vinagre', 304282404);
insert into eventoEmergencia values (935534995, '2018-01-25 10:09:25', 'Simao Macedo', 'Granja de Alpriate', 262927841);
insert into eventoEmergencia values (968621522, '2018-09-16 10:13:28', 'Maria Domingues', 'Aldeia (Amorim)', 139210379);
insert into eventoEmergencia values (967454581, '2018-03-28 04:53:25', 'Vitor Avelar', 'Cadilhe', 299103077);
insert into eventoEmergencia values (217719515, '2018-08-09 23:56:24', 'Marisa Cunha', 'Moita Redonda', 548527986);
insert into eventoEmergencia values (934618994, '2018-11-10 09:31:55', 'Madalena Assuncao', 'Aguias (Brotas)', 257791492);
insert into eventoEmergencia values (216356674, '2018-11-10 11:32:05', 'Manuel Moreira', 'Fontainhas (Amorim)', 664087694);
insert into eventoEmergencia values (216954806, '2018-06-24 21:01:16', 'Amanda Martins', 'Cruz (Povoa de Varzim)', 614308509);
insert into eventoEmergencia values (966297386, '2018-10-16 06:41:29', 'Mariana Garcia', 'Lourel', 44753534);
insert into eventoEmergencia values (962533580, '2018-09-03 22:39:15', 'Xavier Martinho', 'Aldeia Grande', 113140580);
insert into eventoEmergencia values (917016759, '2018-01-04 14:44:05', 'Teresa Jordao', 'Monchique', 569923777);
insert into eventoEmergencia values (964865419, '2018-09-11 16:20:45', 'Amelia Batista', 'Carregosa (Povoa de Varzim)', 10448640);
insert into eventoEmergencia values (961407788, '2018-05-03 02:21:25', 'Santiago Onofre', 'Aldeia (Agucadoura)', 709934818);
insert into eventoEmergencia values (919585103, '2018-07-17 19:35:56', 'Lara Setubal', 'Enxaminhos', 459735013);
insert into eventoEmergencia values (214469178, '2018-07-14 11:10:21', 'Edgar Lameiras', 'Azoia (Sesimbra)', 792284852);
insert into eventoEmergencia values (962761709, '2018-10-24 06:05:44', 'Elisabete Patrao', 'Amoreira Fundeira', 998410925);
insert into eventoEmergencia values (219791904, '2018-01-01 20:01:21', 'Ivo Guedes', 'Caturela', 532064418);
insert into eventoEmergencia values (961461742, '2018-10-03 18:34:35', 'Gloria Azevedo', 'Estanganhola', 569040332);
insert into eventoEmergencia values (967419190, '2018-01-25 23:08:52', 'Filipa Leao', 'Casalinho', 519681163);
insert into eventoEmergencia values (216954806, '2018-03-03 15:34:47', 'Vitoria Lima', 'Enxaminhos', 250478585);
insert into eventoEmergencia values (217985139, '2018-01-04 14:44:05', 'Carolina Pinto', 'Mamua', 457844018);
insert into eventoEmergencia values (917316490, '2018-10-01 17:21:36', 'Soraia Pimenta', 'Granjeiro (Agucadoura)', 392566595);
insert into eventoEmergencia values (934888213, '2018-06-26 01:18:36', 'Soraia Paiva', 'Granjeiro (Agucadoura)', 675693740);
insert into eventoEmergencia values (963101035, '2018-03-17 14:49:35', 'Marisa Pedreira', 'Bouca', 484937965);
insert into eventoEmergencia values (963101035, '2018-10-05 06:42:08', 'Bruna Lobo', 'Cavadas', 632438805);
insert into eventoEmergencia values (965977351, '2018-01-19 01:55:28', 'Fabio Alves', 'Cacinheira', 135999055);
insert into eventoEmergencia values (963479796, '2018-06-19 21:02:01', 'Francisco Lopes', 'Alcanica', null);
insert into eventoEmergencia values (939246205, '2018-02-07 21:28:18', 'Carlos Vaz', 'Foros de Amora', 303217083);
insert into eventoEmergencia values (933262940, '2018-03-17 05:36:37', 'Aurora Mesquita', 'Alem (Povoa de Varzim)', 769738298);
insert into eventoEmergencia values (217985139, '2018-08-03 03:09:42', 'Vicente Flores', 'Muleneta', 123725230);
insert into eventoEmergencia values (212152610, '2018-09-08 22:48:47', 'Hugo Moura', 'Lomba (Fatima)', 770735551);
insert into eventoEmergencia values (937162006, '2018-01-01 20:01:21', 'Lara Lourenco', 'Mourilhe (Povoa de Varzim)', 963795735);
insert into eventoEmergencia values (933177583, '2018-10-28 11:29:30', 'Raul Osorio', 'Lugar da Pinta', 956344416);
insert into eventoEmergencia values (919189949, '2018-04-27 04:28:01', 'Ricardo Assuncao', 'Melecas', 277713178);
insert into eventoEmergencia values (917446026, '2018-06-13 17:16:29', 'Raquel Castro', 'Cabeda', 213335994);
insert into eventoEmergencia values (912310226, '2018-08-13 10:43:44', 'Xavier Pinto', 'Monchique', 592871136);
insert into eventoEmergencia values (914304353, '2018-09-13 19:05:59', 'Salvador Mario', 'Abadia de Bouro', 216560159);
insert into eventoEmergencia values (935352164, '2018-08-12 03:03:33', 'Mauro Figueiredo', 'Fontainhas (Amorim)', 606845867);
insert into eventoEmergencia values (914304353, '2018-11-09 03:18:46', 'Helena Machado', 'Caturela', 824805927);
insert into eventoEmergencia values (968012555, '2018-11-08 14:39:14', 'Paulo Loureiro', 'Espadelos', 701952223);
insert into eventoEmergencia values (961349437, '2018-07-04 15:40:49', 'Antonio Loureiro', 'Castanheira (Cos)', 605548086);
insert into eventoEmergencia values (966231887, '2018-10-09 12:39:02', 'Diana Lourenco', 'Fomega', 10240422);
insert into eventoEmergencia values (963479796, '2018-09-08 01:28:45', 'Elisabete Pedro', 'Caturela', 984416709);
insert into eventoEmergencia values (917016759, '2018-10-10 03:11:41', 'Alice Semedo', 'Casas Brancas', 403820307);
insert into eventoEmergencia values (213692903, '2018-04-17 04:25:11', 'Sandro Aveiro', 'Moita do Boi', 545660809);
insert into eventoEmergencia values (933024982, '2018-11-16 21:09:44', 'Salvador Nascimento', 'Granjeiro (Agucadoura)', 264692458);
insert into eventoEmergencia values (917869344, '2018-04-21 18:07:18', 'Laura Caetano', 'Espinhal (Povoa de Varzim)', 640788924);
insert into eventoEmergencia values (933177583, '2018-01-19 14:53:19', 'Edgar Novais', 'Casas Brancas', 825294163);
insert into eventoEmergencia values (936927836, '2018-09-20 02:51:54', 'Carolina Pimenta', 'Lomba (Fatima)', 399352190);
insert into eventoEmergencia values (211644077, '2018-09-03 05:22:41', 'Gabriel Mesquita', 'Mau Verde', 121865217);
insert into eventoEmergencia values (919585103, '2018-05-27 21:54:13', 'Anabela Lourenco', 'Casais das Comeiras', 876115394);
insert into eventoEmergencia values (911612390, '2018-01-19 11:03:19', 'Viviana Guerreiro', 'Foz da Serta', 29961105);
insert into eventoEmergencia values (967331217, '2018-07-17 19:35:56', 'Renato Mota', 'Oliveira do Hospital', 193727990);
insert into eventoEmergencia values (968197494, '2018-03-26 06:27:39', 'Rodrigo Sa', 'Enxaminhos', 906601663);
insert into eventoEmergencia values (218386401, '2018-06-11 06:05:19', 'Renata Feio', 'Castelhanas', 867090165);
insert into eventoEmergencia values (914018677, '2018-03-23 18:03:39', 'Joao Palhoto', 'Cruz (Povoa de Varzim)', 525119125);
insert into eventoEmergencia values (933326157, '2018-11-13 14:55:15', 'Rafaela Frietas', 'Casal Resoneiro', 265215197);
insert into eventoEmergencia values (915298733, '2018-08-20 03:16:40', 'Filipe Vicente', 'Aldeia (Agucadoura)', 761789602);
insert into eventoEmergencia values (937820338, '2018-01-10 21:20:11', 'Pedro Moura', 'Caturela', 667314443);
insert into eventoEmergencia values (968621522, '2018-03-06 18:51:54', 'Emanuel Cardoso', 'Espadelos', null);
insert into eventoEmergencia values (962452319, '2018-04-30 15:40:55', 'Fernando Feio', 'Granja de Alpriate', 580606850);
insert into eventoEmergencia values (211354792, '2018-10-09 06:47:41', 'Eduardo Araujo', 'Espadelos', 632858848);
insert into eventoEmergencia values (211644077, '2018-11-19 05:49:09', 'Guiomar Anjos', 'Lourel', 529424103);
insert into eventoEmergencia values (915726974, '2018-11-13 14:55:15', 'Joana Pinheiro', 'Cadilhe', 814596673);
insert into eventoEmergencia values (912569818, '2018-10-23 14:10:53', 'Rodolfo Reganha', 'Lugar da Foz', 368540765);
insert into eventoEmergencia values (931537810, '2018-01-19 14:53:19', 'Rodrigo Soares', 'Casas Novas (Sintra)', 351445741);
insert into eventoEmergencia values (215105139, '2018-01-13 15:15:05', 'Rodolfo Caetano', 'Carvoeiro (Pampilhosa da Serra)', 388856674);
insert into eventoEmergencia values (216762525, '2018-07-10 21:26:40', 'Ivo Machado', 'Esperanca (Ourem)', 919969669);
insert into eventoEmergencia values (935021421, '2018-01-01 20:01:21', 'Fernando Belo', 'Moimento (Fatima)', 338267345);
insert into eventoEmergencia values (938546944, '2018-06-24 16:45:41', 'Vania Guterres', 'Alcanica', 221757190);
insert into eventoEmergencia values (912884373, '2018-02-06 07:57:51', 'Benedita Magalhaes', 'Algueirao', 449796002);
insert into eventoEmergencia values (934152635, '2018-01-10 21:20:11', 'Barbara Neto', 'Luilhas', 354721665);
insert into eventoEmergencia values (964865419, '2018-10-01 03:16:08', 'Francisca Leite', 'Estrada (Povoa de Varzim)', 65799502);
insert into eventoEmergencia values (933551884, '2018-04-18 20:32:18', 'Nelson Nogueira', 'Oliveira do Hospital', 145686430);
insert into eventoEmergencia values (936026351, '2018-02-14 09:57:41', 'Hugo Miranda', 'Matas do Lourical', 457298337);
insert into eventoEmergencia values (937820338, '2018-04-30 18:47:22', 'Claudio Tavares', 'Aires (Setubal)', 600470711);
insert into eventoEmergencia values (914989162, '2018-07-30 23:16:35', 'Catia Jesus', 'Matos da Vila', 267234774);
insert into eventoEmergencia values (218584454, '2018-03-17 05:36:37', 'Ana Bernardo', 'Azoia (Sesimbra)', 560092163);
insert into eventoEmergencia values (934540733, '2018-06-28 16:19:43', 'Rita Figueiredo', 'Lousadelo', 432464249);
insert into eventoEmergencia values (964708629, '2018-04-27 04:28:01', 'Viviana Cardoso', 'Caminho Largo', 242529865);
insert into eventoEmergencia values (933262940, '2018-11-08 14:39:14', 'Vicente Leite', 'Cacinheira', 63822330);


insert into entidadeMeio values ('Entidade 0');
insert into entidadeMeio values ('Entidade 1');
insert into entidadeMeio values ('Entidade 2');
insert into entidadeMeio values ('Entidade 3');
insert into entidadeMeio values ('Entidade 4');
insert into entidadeMeio values ('Entidade 5');
insert into entidadeMeio values ('Entidade 6');
insert into entidadeMeio values ('Entidade 7');
insert into entidadeMeio values ('Entidade 8');
insert into entidadeMeio values ('Entidade 9');
insert into entidadeMeio values ('Entidade 10');
insert into entidadeMeio values ('Entidade 11');
insert into entidadeMeio values ('Entidade 12');
insert into entidadeMeio values ('Entidade 13');
insert into entidadeMeio values ('Entidade 14');
insert into entidadeMeio values ('Entidade 15');
insert into entidadeMeio values ('Entidade 16');
insert into entidadeMeio values ('Entidade 17');
insert into entidadeMeio values ('Entidade 18');
insert into entidadeMeio values ('Entidade 19');
insert into entidadeMeio values ('Entidade 20');
insert into entidadeMeio values ('Entidade 21');
insert into entidadeMeio values ('Entidade 22');
insert into entidadeMeio values ('Entidade 23');
insert into entidadeMeio values ('Entidade 24');
insert into entidadeMeio values ('Entidade 25');
insert into entidadeMeio values ('Entidade 26');
insert into entidadeMeio values ('Entidade 27');
insert into entidadeMeio values ('Entidade 28');
insert into entidadeMeio values ('Entidade 29');
insert into entidadeMeio values ('Entidade 30');
insert into entidadeMeio values ('Entidade 31');
insert into entidadeMeio values ('Entidade 32');
insert into entidadeMeio values ('Entidade 33');
insert into entidadeMeio values ('Entidade 34');
insert into entidadeMeio values ('Entidade 35');
insert into entidadeMeio values ('Entidade 36');
insert into entidadeMeio values ('Entidade 37');
insert into entidadeMeio values ('Entidade 38');
insert into entidadeMeio values ('Entidade 39');
insert into entidadeMeio values ('Entidade 40');
insert into entidadeMeio values ('Entidade 41');
insert into entidadeMeio values ('Entidade 42');
insert into entidadeMeio values ('Entidade 43');
insert into entidadeMeio values ('Entidade 44');
insert into entidadeMeio values ('Entidade 45');
insert into entidadeMeio values ('Entidade 46');
insert into entidadeMeio values ('Entidade 47');
insert into entidadeMeio values ('Entidade 48');
insert into entidadeMeio values ('Entidade 49');
insert into entidadeMeio values ('Entidade 50');
insert into entidadeMeio values ('Entidade 51');
insert into entidadeMeio values ('Entidade 52');
insert into entidadeMeio values ('Entidade 53');
insert into entidadeMeio values ('Entidade 54');
insert into entidadeMeio values ('Entidade 55');
insert into entidadeMeio values ('Entidade 56');
insert into entidadeMeio values ('Entidade 57');
insert into entidadeMeio values ('Entidade 58');
insert into entidadeMeio values ('Entidade 59');
insert into entidadeMeio values ('Entidade 60');
insert into entidadeMeio values ('Entidade 61');
insert into entidadeMeio values ('Entidade 62');
insert into entidadeMeio values ('Entidade 63');
insert into entidadeMeio values ('Entidade 64');
insert into entidadeMeio values ('Entidade 65');
insert into entidadeMeio values ('Entidade 66');
insert into entidadeMeio values ('Entidade 67');
insert into entidadeMeio values ('Entidade 68');
insert into entidadeMeio values ('Entidade 69');
insert into entidadeMeio values ('Entidade 70');
insert into entidadeMeio values ('Entidade 71');
insert into entidadeMeio values ('Entidade 72');
insert into entidadeMeio values ('Entidade 73');
insert into entidadeMeio values ('Entidade 74');
insert into entidadeMeio values ('Entidade 75');
insert into entidadeMeio values ('Entidade 76');
insert into entidadeMeio values ('Entidade 77');
insert into entidadeMeio values ('Entidade 78');
insert into entidadeMeio values ('Entidade 79');
insert into entidadeMeio values ('Entidade 80');
insert into entidadeMeio values ('Entidade 81');
insert into entidadeMeio values ('Entidade 82');
insert into entidadeMeio values ('Entidade 83');
insert into entidadeMeio values ('Entidade 84');
insert into entidadeMeio values ('Entidade 85');
insert into entidadeMeio values ('Entidade 86');
insert into entidadeMeio values ('Entidade 87');
insert into entidadeMeio values ('Entidade 88');
insert into entidadeMeio values ('Entidade 89');
insert into entidadeMeio values ('Entidade 90');
insert into entidadeMeio values ('Entidade 91');
insert into entidadeMeio values ('Entidade 92');
insert into entidadeMeio values ('Entidade 93');
insert into entidadeMeio values ('Entidade 94');
insert into entidadeMeio values ('Entidade 95');
insert into entidadeMeio values ('Entidade 96');
insert into entidadeMeio values ('Entidade 97');
insert into entidadeMeio values ('Entidade 98');
insert into entidadeMeio values ('Entidade 99');


insert into meio values (0, 'Meio 0', 'Entidade 0');
insert into meio values (1, 'Meio 1', 'Entidade 0');
insert into meio values (2, 'Meio 2', 'Entidade 0');
insert into meio values (3, 'Meio 3', 'Entidade 0');
insert into meio values (0, 'Meio 0', 'Entidade 1');
insert into meio values (1, 'Meio 1', 'Entidade 1');
insert into meio values (2, 'Meio 2', 'Entidade 1');
insert into meio values (3, 'Meio 3', 'Entidade 1');
insert into meio values (0, 'Meio 0', 'Entidade 3');
insert into meio values (1, 'Meio 1', 'Entidade 3');
insert into meio values (2, 'Meio 2', 'Entidade 3');
insert into meio values (3, 'Meio 3', 'Entidade 3');
insert into meio values (4, 'Meio 4', 'Entidade 3');
insert into meio values (0, 'Meio 0', 'Entidade 4');
insert into meio values (0, 'Meio 0', 'Entidade 5');
insert into meio values (1, 'Meio 1', 'Entidade 5');
insert into meio values (2, 'Meio 2', 'Entidade 5');
insert into meio values (3, 'Meio 3', 'Entidade 5');
insert into meio values (4, 'Meio 4', 'Entidade 5');
insert into meio values (5, 'Meio 5', 'Entidade 5');
insert into meio values (0, 'Meio 0', 'Entidade 6');
insert into meio values (1, 'Meio 1', 'Entidade 6');
insert into meio values (2, 'Meio 2', 'Entidade 6');
insert into meio values (3, 'Meio 3', 'Entidade 6');
insert into meio values (4, 'Meio 4', 'Entidade 6');
insert into meio values (0, 'Meio 0', 'Entidade 7');
insert into meio values (1, 'Meio 1', 'Entidade 7');
insert into meio values (0, 'Meio 0', 'Entidade 8');
insert into meio values (0, 'Meio 0', 'Entidade 9');
insert into meio values (1, 'Meio 1', 'Entidade 9');
insert into meio values (2, 'Meio 2', 'Entidade 9');
insert into meio values (3, 'Meio 3', 'Entidade 9');
insert into meio values (4, 'Meio 4', 'Entidade 9');
insert into meio values (0, 'Meio 0', 'Entidade 10');
insert into meio values (1, 'Meio 1', 'Entidade 10');
insert into meio values (2, 'Meio 2', 'Entidade 10');
insert into meio values (3, 'Meio 3', 'Entidade 10');
insert into meio values (4, 'Meio 4', 'Entidade 10');
insert into meio values (5, 'Meio 5', 'Entidade 10');
insert into meio values (0, 'Meio 0', 'Entidade 11');
insert into meio values (1, 'Meio 1', 'Entidade 11');
insert into meio values (0, 'Meio 0', 'Entidade 12');
insert into meio values (1, 'Meio 1', 'Entidade 12');
insert into meio values (2, 'Meio 2', 'Entidade 12');
insert into meio values (3, 'Meio 3', 'Entidade 12');
insert into meio values (4, 'Meio 4', 'Entidade 12');
insert into meio values (5, 'Meio 5', 'Entidade 12');
insert into meio values (0, 'Meio 0', 'Entidade 13');
insert into meio values (1, 'Meio 1', 'Entidade 13');
insert into meio values (2, 'Meio 2', 'Entidade 13');
insert into meio values (3, 'Meio 3', 'Entidade 13');
insert into meio values (4, 'Meio 4', 'Entidade 13');
insert into meio values (5, 'Meio 5', 'Entidade 13');
insert into meio values (0, 'Meio 0', 'Entidade 14');
insert into meio values (1, 'Meio 1', 'Entidade 14');
insert into meio values (2, 'Meio 2', 'Entidade 14');
insert into meio values (3, 'Meio 3', 'Entidade 14');
insert into meio values (4, 'Meio 4', 'Entidade 14');
insert into meio values (0, 'Meio 0', 'Entidade 16');
insert into meio values (1, 'Meio 1', 'Entidade 16');
insert into meio values (0, 'Meio 0', 'Entidade 17');
insert into meio values (1, 'Meio 1', 'Entidade 17');
insert into meio values (2, 'Meio 2', 'Entidade 17');
insert into meio values (3, 'Meio 3', 'Entidade 17');
insert into meio values (0, 'Meio 0', 'Entidade 18');
insert into meio values (1, 'Meio 1', 'Entidade 18');
insert into meio values (2, 'Meio 2', 'Entidade 18');
insert into meio values (0, 'Meio 0', 'Entidade 19');
insert into meio values (1, 'Meio 1', 'Entidade 19');
insert into meio values (0, 'Meio 0', 'Entidade 20');
insert into meio values (1, 'Meio 1', 'Entidade 20');
insert into meio values (2, 'Meio 2', 'Entidade 20');
insert into meio values (3, 'Meio 3', 'Entidade 20');
insert into meio values (0, 'Meio 0', 'Entidade 21');
insert into meio values (1, 'Meio 1', 'Entidade 21');
insert into meio values (2, 'Meio 2', 'Entidade 21');
insert into meio values (0, 'Meio 0', 'Entidade 22');
insert into meio values (1, 'Meio 1', 'Entidade 22');
insert into meio values (0, 'Meio 0', 'Entidade 23');
insert into meio values (1, 'Meio 1', 'Entidade 23');
insert into meio values (2, 'Meio 2', 'Entidade 23');
insert into meio values (0, 'Meio 0', 'Entidade 25');
insert into meio values (1, 'Meio 1', 'Entidade 25');
insert into meio values (2, 'Meio 2', 'Entidade 25');
insert into meio values (3, 'Meio 3', 'Entidade 25');
insert into meio values (4, 'Meio 4', 'Entidade 25');
insert into meio values (5, 'Meio 5', 'Entidade 25');
insert into meio values (0, 'Meio 0', 'Entidade 26');
insert into meio values (1, 'Meio 1', 'Entidade 26');
insert into meio values (2, 'Meio 2', 'Entidade 26');
insert into meio values (3, 'Meio 3', 'Entidade 26');
insert into meio values (4, 'Meio 4', 'Entidade 26');
insert into meio values (5, 'Meio 5', 'Entidade 26');
insert into meio values (0, 'Meio 0', 'Entidade 27');
insert into meio values (1, 'Meio 1', 'Entidade 27');
insert into meio values (2, 'Meio 2', 'Entidade 27');
insert into meio values (3, 'Meio 3', 'Entidade 27');
insert into meio values (4, 'Meio 4', 'Entidade 27');
insert into meio values (5, 'Meio 5', 'Entidade 27');
insert into meio values (0, 'Meio 0', 'Entidade 29');
insert into meio values (1, 'Meio 1', 'Entidade 29');
insert into meio values (2, 'Meio 2', 'Entidade 29');
insert into meio values (3, 'Meio 3', 'Entidade 29');
insert into meio values (4, 'Meio 4', 'Entidade 29');
insert into meio values (5, 'Meio 5', 'Entidade 29');
insert into meio values (0, 'Meio 0', 'Entidade 30');
insert into meio values (1, 'Meio 1', 'Entidade 30');
insert into meio values (2, 'Meio 2', 'Entidade 30');
insert into meio values (3, 'Meio 3', 'Entidade 30');
insert into meio values (4, 'Meio 4', 'Entidade 30');
insert into meio values (5, 'Meio 5', 'Entidade 30');
insert into meio values (0, 'Meio 0', 'Entidade 31');
insert into meio values (1, 'Meio 1', 'Entidade 31');
insert into meio values (0, 'Meio 0', 'Entidade 32');
insert into meio values (1, 'Meio 1', 'Entidade 32');
insert into meio values (2, 'Meio 2', 'Entidade 32');
insert into meio values (3, 'Meio 3', 'Entidade 32');
insert into meio values (4, 'Meio 4', 'Entidade 32');
insert into meio values (0, 'Meio 0', 'Entidade 33');
insert into meio values (1, 'Meio 1', 'Entidade 33');
insert into meio values (2, 'Meio 2', 'Entidade 33');
insert into meio values (0, 'Meio 0', 'Entidade 34');
insert into meio values (1, 'Meio 1', 'Entidade 34');
insert into meio values (2, 'Meio 2', 'Entidade 34');
insert into meio values (0, 'Meio 0', 'Entidade 35');
insert into meio values (1, 'Meio 1', 'Entidade 35');
insert into meio values (2, 'Meio 2', 'Entidade 35');
insert into meio values (3, 'Meio 3', 'Entidade 35');
insert into meio values (4, 'Meio 4', 'Entidade 35');
insert into meio values (0, 'Meio 0', 'Entidade 37');
insert into meio values (1, 'Meio 1', 'Entidade 37');
insert into meio values (2, 'Meio 2', 'Entidade 37');
insert into meio values (0, 'Meio 0', 'Entidade 38');
insert into meio values (1, 'Meio 1', 'Entidade 38');
insert into meio values (2, 'Meio 2', 'Entidade 38');
insert into meio values (3, 'Meio 3', 'Entidade 38');
insert into meio values (4, 'Meio 4', 'Entidade 38');
insert into meio values (0, 'Meio 0', 'Entidade 39');
insert into meio values (1, 'Meio 1', 'Entidade 39');
insert into meio values (2, 'Meio 2', 'Entidade 39');
insert into meio values (3, 'Meio 3', 'Entidade 39');
insert into meio values (0, 'Meio 0', 'Entidade 40');
insert into meio values (1, 'Meio 1', 'Entidade 40');
insert into meio values (2, 'Meio 2', 'Entidade 40');
insert into meio values (3, 'Meio 3', 'Entidade 40');
insert into meio values (4, 'Meio 4', 'Entidade 40');
insert into meio values (5, 'Meio 5', 'Entidade 40');
insert into meio values (0, 'Meio 0', 'Entidade 41');
insert into meio values (1, 'Meio 1', 'Entidade 41');
insert into meio values (2, 'Meio 2', 'Entidade 41');
insert into meio values (0, 'Meio 0', 'Entidade 42');
insert into meio values (1, 'Meio 1', 'Entidade 42');
insert into meio values (2, 'Meio 2', 'Entidade 42');
insert into meio values (3, 'Meio 3', 'Entidade 42');
insert into meio values (4, 'Meio 4', 'Entidade 42');
insert into meio values (0, 'Meio 0', 'Entidade 43');
insert into meio values (1, 'Meio 1', 'Entidade 43');
insert into meio values (2, 'Meio 2', 'Entidade 43');
insert into meio values (3, 'Meio 3', 'Entidade 43');
insert into meio values (4, 'Meio 4', 'Entidade 43');
insert into meio values (5, 'Meio 5', 'Entidade 43');
insert into meio values (0, 'Meio 0', 'Entidade 44');
insert into meio values (1, 'Meio 1', 'Entidade 44');
insert into meio values (2, 'Meio 2', 'Entidade 44');
insert into meio values (3, 'Meio 3', 'Entidade 44');
insert into meio values (0, 'Meio 0', 'Entidade 45');
insert into meio values (0, 'Meio 0', 'Entidade 46');
insert into meio values (1, 'Meio 1', 'Entidade 46');
insert into meio values (2, 'Meio 2', 'Entidade 46');
insert into meio values (3, 'Meio 3', 'Entidade 46');
insert into meio values (4, 'Meio 4', 'Entidade 46');
insert into meio values (0, 'Meio 0', 'Entidade 47');
insert into meio values (1, 'Meio 1', 'Entidade 47');
insert into meio values (2, 'Meio 2', 'Entidade 47');
insert into meio values (3, 'Meio 3', 'Entidade 47');
insert into meio values (4, 'Meio 4', 'Entidade 47');
insert into meio values (5, 'Meio 5', 'Entidade 47');
insert into meio values (0, 'Meio 0', 'Entidade 48');
insert into meio values (1, 'Meio 1', 'Entidade 48');
insert into meio values (0, 'Meio 0', 'Entidade 49');
insert into meio values (1, 'Meio 1', 'Entidade 49');
insert into meio values (2, 'Meio 2', 'Entidade 49');
insert into meio values (3, 'Meio 3', 'Entidade 49');
insert into meio values (4, 'Meio 4', 'Entidade 49');
insert into meio values (5, 'Meio 5', 'Entidade 49');
insert into meio values (0, 'Meio 0', 'Entidade 50');
insert into meio values (1, 'Meio 1', 'Entidade 50');
insert into meio values (2, 'Meio 2', 'Entidade 50');
insert into meio values (3, 'Meio 3', 'Entidade 50');
insert into meio values (4, 'Meio 4', 'Entidade 50');
insert into meio values (5, 'Meio 5', 'Entidade 50');
insert into meio values (0, 'Meio 0', 'Entidade 51');
insert into meio values (1, 'Meio 1', 'Entidade 51');
insert into meio values (2, 'Meio 2', 'Entidade 51');
insert into meio values (0, 'Meio 0', 'Entidade 52');
insert into meio values (1, 'Meio 1', 'Entidade 52');
insert into meio values (2, 'Meio 2', 'Entidade 52');
insert into meio values (3, 'Meio 3', 'Entidade 52');
insert into meio values (4, 'Meio 4', 'Entidade 52');
insert into meio values (5, 'Meio 5', 'Entidade 52');
insert into meio values (0, 'Meio 0', 'Entidade 53');
insert into meio values (1, 'Meio 1', 'Entidade 53');
insert into meio values (2, 'Meio 2', 'Entidade 53');
insert into meio values (3, 'Meio 3', 'Entidade 53');
insert into meio values (4, 'Meio 4', 'Entidade 53');
insert into meio values (5, 'Meio 5', 'Entidade 53');
insert into meio values (0, 'Meio 0', 'Entidade 54');
insert into meio values (1, 'Meio 1', 'Entidade 54');
insert into meio values (2, 'Meio 2', 'Entidade 54');
insert into meio values (0, 'Meio 0', 'Entidade 56');
insert into meio values (1, 'Meio 1', 'Entidade 56');
insert into meio values (2, 'Meio 2', 'Entidade 56');
insert into meio values (3, 'Meio 3', 'Entidade 56');
insert into meio values (4, 'Meio 4', 'Entidade 56');
insert into meio values (5, 'Meio 5', 'Entidade 56');
insert into meio values (0, 'Meio 0', 'Entidade 57');
insert into meio values (0, 'Meio 0', 'Entidade 58');
insert into meio values (1, 'Meio 1', 'Entidade 58');
insert into meio values (2, 'Meio 2', 'Entidade 58');
insert into meio values (0, 'Meio 0', 'Entidade 62');
insert into meio values (1, 'Meio 1', 'Entidade 62');
insert into meio values (2, 'Meio 2', 'Entidade 62');
insert into meio values (3, 'Meio 3', 'Entidade 62');
insert into meio values (0, 'Meio 0', 'Entidade 63');
insert into meio values (0, 'Meio 0', 'Entidade 64');
insert into meio values (1, 'Meio 1', 'Entidade 64');
insert into meio values (2, 'Meio 2', 'Entidade 64');
insert into meio values (3, 'Meio 3', 'Entidade 64');
insert into meio values (4, 'Meio 4', 'Entidade 64');
insert into meio values (5, 'Meio 5', 'Entidade 64');
insert into meio values (0, 'Meio 0', 'Entidade 65');
insert into meio values (1, 'Meio 1', 'Entidade 65');
insert into meio values (2, 'Meio 2', 'Entidade 65');
insert into meio values (3, 'Meio 3', 'Entidade 65');
insert into meio values (4, 'Meio 4', 'Entidade 65');
insert into meio values (5, 'Meio 5', 'Entidade 65');
insert into meio values (0, 'Meio 0', 'Entidade 66');
insert into meio values (1, 'Meio 1', 'Entidade 66');
insert into meio values (2, 'Meio 2', 'Entidade 66');
insert into meio values (0, 'Meio 0', 'Entidade 67');
insert into meio values (1, 'Meio 1', 'Entidade 67');
insert into meio values (0, 'Meio 0', 'Entidade 68');
insert into meio values (1, 'Meio 1', 'Entidade 68');
insert into meio values (2, 'Meio 2', 'Entidade 68');
insert into meio values (3, 'Meio 3', 'Entidade 68');
insert into meio values (4, 'Meio 4', 'Entidade 68');
insert into meio values (0, 'Meio 0', 'Entidade 69');
insert into meio values (1, 'Meio 1', 'Entidade 69');
insert into meio values (2, 'Meio 2', 'Entidade 69');
insert into meio values (3, 'Meio 3', 'Entidade 69');
insert into meio values (0, 'Meio 0', 'Entidade 70');
insert into meio values (1, 'Meio 1', 'Entidade 70');
insert into meio values (2, 'Meio 2', 'Entidade 70');
insert into meio values (0, 'Meio 0', 'Entidade 71');
insert into meio values (1, 'Meio 1', 'Entidade 71');
insert into meio values (0, 'Meio 0', 'Entidade 72');
insert into meio values (0, 'Meio 0', 'Entidade 73');
insert into meio values (1, 'Meio 1', 'Entidade 73');
insert into meio values (2, 'Meio 2', 'Entidade 73');
insert into meio values (3, 'Meio 3', 'Entidade 73');
insert into meio values (4, 'Meio 4', 'Entidade 73');
insert into meio values (5, 'Meio 5', 'Entidade 73');
insert into meio values (0, 'Meio 0', 'Entidade 74');
insert into meio values (1, 'Meio 1', 'Entidade 74');
insert into meio values (2, 'Meio 2', 'Entidade 74');
insert into meio values (3, 'Meio 3', 'Entidade 74');
insert into meio values (4, 'Meio 4', 'Entidade 74');
insert into meio values (5, 'Meio 5', 'Entidade 74');
insert into meio values (0, 'Meio 0', 'Entidade 76');
insert into meio values (1, 'Meio 1', 'Entidade 76');
insert into meio values (2, 'Meio 2', 'Entidade 76');
insert into meio values (3, 'Meio 3', 'Entidade 76');
insert into meio values (4, 'Meio 4', 'Entidade 76');
insert into meio values (0, 'Meio 0', 'Entidade 77');
insert into meio values (1, 'Meio 1', 'Entidade 77');
insert into meio values (2, 'Meio 2', 'Entidade 77');
insert into meio values (0, 'Meio 0', 'Entidade 78');
insert into meio values (1, 'Meio 1', 'Entidade 78');
insert into meio values (2, 'Meio 2', 'Entidade 78');
insert into meio values (3, 'Meio 3', 'Entidade 78');
insert into meio values (4, 'Meio 4', 'Entidade 78');
insert into meio values (5, 'Meio 5', 'Entidade 78');
insert into meio values (0, 'Meio 0', 'Entidade 79');
insert into meio values (1, 'Meio 1', 'Entidade 79');
insert into meio values (2, 'Meio 2', 'Entidade 79');
insert into meio values (0, 'Meio 0', 'Entidade 80');
insert into meio values (0, 'Meio 0', 'Entidade 81');
insert into meio values (1, 'Meio 1', 'Entidade 81');
insert into meio values (0, 'Meio 0', 'Entidade 82');
insert into meio values (1, 'Meio 1', 'Entidade 82');
insert into meio values (0, 'Meio 0', 'Entidade 83');
insert into meio values (0, 'Meio 0', 'Entidade 84');
insert into meio values (1, 'Meio 1', 'Entidade 84');
insert into meio values (0, 'Meio 0', 'Entidade 85');
insert into meio values (1, 'Meio 1', 'Entidade 85');
insert into meio values (0, 'Meio 0', 'Entidade 87');
insert into meio values (1, 'Meio 1', 'Entidade 87');
insert into meio values (0, 'Meio 0', 'Entidade 88');
insert into meio values (1, 'Meio 1', 'Entidade 88');
insert into meio values (2, 'Meio 2', 'Entidade 88');
insert into meio values (3, 'Meio 3', 'Entidade 88');
insert into meio values (4, 'Meio 4', 'Entidade 88');
insert into meio values (0, 'Meio 0', 'Entidade 89');
insert into meio values (1, 'Meio 1', 'Entidade 89');
insert into meio values (0, 'Meio 0', 'Entidade 90');
insert into meio values (0, 'Meio 0', 'Entidade 91');
insert into meio values (0, 'Meio 0', 'Entidade 92');
insert into meio values (1, 'Meio 1', 'Entidade 92');
insert into meio values (0, 'Meio 0', 'Entidade 93');
insert into meio values (0, 'Meio 0', 'Entidade 94');
insert into meio values (1, 'Meio 1', 'Entidade 94');
insert into meio values (2, 'Meio 2', 'Entidade 94');
insert into meio values (3, 'Meio 3', 'Entidade 94');
insert into meio values (0, 'Meio 0', 'Entidade 95');
insert into meio values (1, 'Meio 1', 'Entidade 95');
insert into meio values (2, 'Meio 2', 'Entidade 95');
insert into meio values (0, 'Meio 0', 'Entidade 98');
insert into meio values (1, 'Meio 1', 'Entidade 98');
insert into meio values (2, 'Meio 2', 'Entidade 98');
insert into meio values (3, 'Meio 3', 'Entidade 98');
insert into meio values (4, 'Meio 4', 'Entidade 98');
insert into meio values (5, 'Meio 5', 'Entidade 98');
insert into meio values (0, 'Meio 0', 'Entidade 99');
insert into meio values (12, 'Meio 0', 'Entidade 99');
insert into meio values (1, 'Meio 0', 'Entidade 99');

insert into meioCombate values (12, 'Entidade 99');
insert into meioCombate values (2, 'Entidade 56');
insert into meioCombate values (4, 'Entidade 35');
insert into meioCombate values (3, 'Entidade 52');
insert into meioCombate values (1, 'Entidade 42');
insert into meioCombate values (1, 'Entidade 88');
insert into meioCombate values (1, 'Entidade 13');
insert into meioCombate values (0, 'Entidade 69');
insert into meioCombate values (2, 'Entidade 58');
insert into meioCombate values (3, 'Entidade 78');
insert into meioCombate values (0, 'Entidade 88');
insert into meioCombate values (2, 'Entidade 98');
insert into meioCombate values (5, 'Entidade 50');
insert into meioCombate values (3, 'Entidade 32');
insert into meioCombate values (1, 'Entidade 31');
insert into meioCombate values (2, 'Entidade 76');
insert into meioCombate values (0, 'Entidade 32');
insert into meioCombate values (2, 'Entidade 68');
insert into meioCombate values (0, 'Entidade 89');
insert into meioCombate values (1, 'Entidade 67');
insert into meioCombate values (1, 'Entidade 3');
insert into meioCombate values (4, 'Entidade 9');
insert into meioCombate values (2, 'Entidade 65');
insert into meioCombate values (2, 'Entidade 30');
insert into meioCombate values (4, 'Entidade 68');
insert into meioCombate values (3, 'Entidade 62');
insert into meioCombate values (3, 'Entidade 98');
insert into meioCombate values (3, 'Entidade 88');
insert into meioCombate values (2, 'Entidade 34');
insert into meioCombate values (0, 'Entidade 64');
insert into meioCombate values (4, 'Entidade 30');
insert into meioCombate values (5, 'Entidade 56');
insert into meioCombate values (2, 'Entidade 5');
insert into meioCombate values (5, 'Entidade 73');
insert into meioCombate values (0, 'Entidade 21');
insert into meioCombate values (1, 'Entidade 16');
insert into meioCombate values (1, 'Entidade 74');
insert into meioCombate values (2, 'Entidade 73');
insert into meioCombate values (3, 'Entidade 17');
insert into meioCombate values (4, 'Entidade 13');
insert into meioCombate values (1, 'Entidade 51');
insert into meioCombate values (3, 'Entidade 20');
insert into meioCombate values (2, 'Entidade 38');
insert into meioCombate values (0, 'Entidade 9');
insert into meioCombate values (4, 'Entidade 27');
insert into meioCombate values (0, 'Entidade 23');
insert into meioCombate values (2, 'Entidade 78');
insert into meioCombate values (0, 'Entidade 37');
insert into meioCombate values (3, 'Entidade 65');
insert into meioCombate values (3, 'Entidade 5');
insert into meioCombate values (1, 'Entidade 71');
insert into meioCombate values (5, 'Entidade 52');
insert into meioCombate values (1, 'Entidade 19');
insert into meioCombate values (4, 'Entidade 47');
insert into meioCombate values (2, 'Entidade 39');
insert into meioCombate values (0, 'Entidade 67');
insert into meioCombate values (2, 'Entidade 35');
insert into meioCombate values (0, 'Entidade 78');
insert into meioCombate values (2, 'Entidade 18');
insert into meioCombate values (1, 'Entidade 52');
insert into meioCombate values (3, 'Entidade 1');
insert into meioCombate values (5, 'Entidade 47');
insert into meioCombate values (0, 'Entidade 43');
insert into meioCombate values (5, 'Entidade 78');
insert into meioCombate values (2, 'Entidade 17');
insert into meioCombate values (5, 'Entidade 12');
insert into meioCombate values (2, 'Entidade 23');
insert into meioCombate values (2, 'Entidade 25');
insert into meioCombate values (1, 'Entidade 34');
insert into meioCombate values (0, 'Entidade 44');
insert into meioCombate values (4, 'Entidade 14');
insert into meioCombate values (0, 'Entidade 33');
insert into meioCombate values (4, 'Entidade 42');
insert into meioCombate values (2, 'Entidade 21');
insert into meioCombate values (0, 'Entidade 48');
insert into meioCombate values (3, 'Entidade 39');
insert into meioCombate values (4, 'Entidade 12');
insert into meioCombate values (3, 'Entidade 12');
insert into meioCombate values (3, 'Entidade 42');
insert into meioCombate values (1, 'Entidade 29');
insert into meioCombate values (0, 'Entidade 91');
insert into meioCombate values (5, 'Entidade 65');
insert into meioCombate values (2, 'Entidade 0');
insert into meioCombate values (0, 'Entidade 34');
insert into meioCombate values (1, 'Entidade 73');
insert into meioCombate values (1, 'Entidade 62');
insert into meioCombate values (5, 'Entidade 25');
insert into meioCombate values (1, 'Entidade 94');
insert into meioCombate values (0, 'Entidade 20');
insert into meioCombate values (3, 'Entidade 26');
insert into meioCombate values (1, 'Entidade 98');
insert into meioCombate values (0, 'Entidade 35');
insert into meioCombate values (1, 'Entidade 10');
insert into meioCombate values (2, 'Entidade 26');
insert into meioCombate values (0, 'Entidade 81');
insert into meioCombate values (5, 'Entidade 30');
insert into meioCombate values (4, 'Entidade 52');
insert into meioCombate values (4, 'Entidade 38');
insert into meioCombate values (2, 'Entidade 40');
insert into meioCombate values (0, 'Entidade 56');
insert into meioCombate values (1, 'Entidade 95');
insert into meioCombate values (3, 'Entidade 74');
insert into meioCombate values (5, 'Entidade 64');
insert into meioCombate values (1, 'Entidade 25');
insert into meioCombate values (2, 'Entidade 95');
insert into meioCombate values (4, 'Entidade 40');
insert into meioCombate values (2, 'Entidade 64');
insert into meioCombate values (3, 'Entidade 73');
insert into meioCombate values (3, 'Entidade 50');
insert into meioCombate values (4, 'Entidade 78');
insert into meioCombate values (0, 'Entidade 70');
insert into meioCombate values (2, 'Entidade 33');
insert into meioCombate values (1, 'Entidade 46');
insert into meioCombate values (5, 'Entidade 49');
insert into meioCombate values (1, 'Entidade 47');
insert into meioCombate values (3, 'Entidade 25');
insert into meioCombate values (5, 'Entidade 43');
insert into meioCombate values (2, 'Entidade 47');
insert into meioCombate values (0, 'Entidade 26');
insert into meioCombate values (1, 'Entidade 37');
insert into meioCombate values (2, 'Entidade 3');
insert into meioCombate values (0, 'Entidade 40');
insert into meioCombate values (3, 'Entidade 29');
insert into meioCombate values (3, 'Entidade 30');
insert into meioCombate values (3, 'Entidade 49');
insert into meioCombate values (0, 'Entidade 66');
insert into meioCombate values (0, 'Entidade 77');
insert into meioCombate values (3, 'Entidade 6');
insert into meioCombate values (1, 'Entidade 70');


insert into meioApoio values (4, 'Entidade 25');
insert into meioApoio values (0, 'Entidade 8');
insert into meioApoio values (0, 'Entidade 7');
insert into meioApoio values (0, 'Entidade 38');
insert into meioApoio values (1, 'Entidade 64');
insert into meioApoio values (4, 'Entidade 98');
insert into meioApoio values (0, 'Entidade 87');
insert into meioApoio values (1, 'Entidade 32');
insert into meioApoio values (3, 'Entidade 13');
insert into meioApoio values (2, 'Entidade 88');
insert into meioApoio values (1, 'Entidade 78');
insert into meioApoio values (2, 'Entidade 27');
insert into meioApoio values (1, 'Entidade 22');
insert into meioApoio values (0, 'Entidade 68');
insert into meioApoio values (1, 'Entidade 40');
insert into meioApoio values (3, 'Entidade 43');
insert into meioApoio values (0, 'Entidade 42');
insert into meioApoio values (0, 'Entidade 94');
insert into meioApoio values (4, 'Entidade 3');
insert into meioApoio values (2, 'Entidade 10');
insert into meioApoio values (1, 'Entidade 23');
insert into meioApoio values (1, 'Entidade 53');
insert into meioApoio values (1, 'Entidade 18');
insert into meioApoio values (4, 'Entidade 50');
insert into meioApoio values (5, 'Entidade 49');
insert into meioApoio values (2, 'Entidade 42');
insert into meioApoio values (0, 'Entidade 74');
insert into meioApoio values (0, 'Entidade 5');
insert into meioApoio values (5, 'Entidade 74');
insert into meioApoio values (1, 'Entidade 11');
insert into meioApoio values (0, 'Entidade 58');
insert into meioApoio values (4, 'Entidade 43');
insert into meioApoio values (0, 'Entidade 52');
insert into meioApoio values (0, 'Entidade 12');
insert into meioApoio values (0, 'Entidade 3');
insert into meioApoio values (5, 'Entidade 53');
insert into meioApoio values (1, 'Entidade 12');
insert into meioApoio values (2, 'Entidade 37');
insert into meioApoio values (2, 'Entidade 79');
insert into meioApoio values (1, 'Entidade 5');
insert into meioApoio values (0, 'Entidade 45');
insert into meioApoio values (1, 'Entidade 46');
insert into meioApoio values (1, 'Entidade 87');
insert into meioApoio values (0, 'Entidade 82');
insert into meioApoio values (0, 'Entidade 80');
insert into meioApoio values (4, 'Entidade 6');
insert into meioApoio values (0, 'Entidade 49');
insert into meioApoio values (0, 'Entidade 29');
insert into meioApoio values (3, 'Entidade 0');
insert into meioApoio values (0, 'Entidade 65');
insert into meioApoio values (2, 'Entidade 47');
insert into meioApoio values (1, 'Entidade 68');
insert into meioApoio values (0, 'Entidade 11');
insert into meioApoio values (1, 'Entidade 69');
insert into meioApoio values (0, 'Entidade 19');
insert into meioApoio values (4, 'Entidade 32');
insert into meioApoio values (5, 'Entidade 27');
insert into meioApoio values (3, 'Entidade 25');
insert into meioApoio values (2, 'Entidade 44');
insert into meioApoio values (1, 'Entidade 9');
insert into meioApoio values (3, 'Entidade 30');
insert into meioApoio values (0, 'Entidade 77');
insert into meioApoio values (2, 'Entidade 74');
insert into meioApoio values (4, 'Entidade 5');
insert into meioApoio values (2, 'Entidade 51');
insert into meioApoio values (0, 'Entidade 1');
insert into meioApoio values (1, 'Entidade 65');
insert into meioApoio values (0, 'Entidade 39');
insert into meioApoio values (2, 'Entidade 13');
insert into meioApoio values (0, 'Entidade 6');
insert into meioApoio values (5, 'Entidade 98');
insert into meioApoio values (0, 'Entidade 99');
insert into meioApoio values (0, 'Entidade 72');
insert into meioApoio values (0, 'Entidade 27');
insert into meioApoio values (3, 'Entidade 56');
insert into meioApoio values (0, 'Entidade 46');
insert into meioApoio values (0, 'Entidade 63');
insert into meioApoio values (2, 'Entidade 33');
insert into meioApoio values (1, 'Entidade 6');
insert into meioApoio values (1, 'Entidade 89');
insert into meioApoio values (2, 'Entidade 54');
insert into meioApoio values (2, 'Entidade 53');
insert into meioApoio values (1, 'Entidade 37');
insert into meioApoio values (3, 'Entidade 40');
insert into meioApoio values (1, 'Entidade 82');
insert into meioApoio values (4, 'Entidade 76');
insert into meioApoio values (0, 'Entidade 95');
insert into meioApoio values (5, 'Entidade 40');
insert into meioApoio values (4, 'Entidade 10');
insert into meioApoio values (0, 'Entidade 16');
insert into meioApoio values (0, 'Entidade 31');
insert into meioApoio values (0, 'Entidade 76');
insert into meioApoio values (4, 'Entidade 64');
insert into meioApoio values (1, 'Entidade 50');
insert into meioApoio values (4, 'Entidade 49');
insert into meioApoio values (1, 'Entidade 44');
insert into meioApoio values (2, 'Entidade 46');
insert into meioApoio values (0, 'Entidade 14');
insert into meioApoio values (1, 'Entidade 26');
insert into meioApoio values (2, 'Entidade 20');
insert into meioApoio values (3, 'Entidade 46');
insert into meioApoio values (2, 'Entidade 94');
insert into meioApoio values (1, 'Entidade 66');
insert into meioApoio values (5, 'Entidade 13');
insert into meioApoio values (4, 'Entidade 88');
insert into meioApoio values (3, 'Entidade 29');
insert into meioApoio values (0, 'Entidade 70');
insert into meioApoio values (0, 'Entidade 25');
insert into meioApoio values (1, 'Entidade 54');
insert into meioApoio values (5, 'Entidade 10');
insert into meioApoio values (1, 'Entidade 94');
insert into meioApoio values (2, 'Entidade 73');
insert into meioApoio values (0, 'Entidade 54');
insert into meioApoio values (2, 'Entidade 17');
insert into meioApoio values (0, 'Entidade 43');
insert into meioApoio values (3, 'Entidade 47');
insert into meioApoio values (4, 'Entidade 56');
insert into meioApoio values (2, 'Entidade 23');
insert into meioApoio values (0, 'Entidade 51');
insert into meioApoio values (3, 'Entidade 88');
insert into meioApoio values (3, 'Entidade 14');
insert into meioApoio values (0, 'Entidade 32');
insert into meioApoio values (1, 'Entidade 58');
insert into meioApoio values (2, 'Entidade 70');
insert into meioApoio values (1, 'Entidade 14');
insert into meioApoio values (3, 'Entidade 9');
insert into meioApoio values (2, 'Entidade 0');
insert into meioApoio values (2, 'Entidade 95');
insert into meioApoio values (2, 'Entidade 58');


insert into meioSocorro values (0, 'Entidade 62');
insert into meioSocorro values (0, 'Entidade 0');
insert into meioSocorro values (1, 'Entidade 81');
insert into meioSocorro values (4, 'Entidade 26');
insert into meioSocorro values (4, 'Entidade 73');
insert into meioSocorro values (1, 'Entidade 43');
insert into meioSocorro values (0, 'Entidade 17');
insert into meioSocorro values (0, 'Entidade 93');
insert into meioSocorro values (0, 'Entidade 40');
insert into meioSocorro values (1, 'Entidade 38');
insert into meioSocorro values (5, 'Entidade 26');
insert into meioSocorro values (1, 'Entidade 85');
insert into meioSocorro values (1, 'Entidade 7');
insert into meioSocorro values (1, 'Entidade 39');
insert into meioSocorro values (2, 'Entidade 14');
insert into meioSocorro values (2, 'Entidade 70');
insert into meioSocorro values (1, 'Entidade 17');
insert into meioSocorro values (3, 'Entidade 53');
insert into meioSocorro values (0, 'Entidade 84');
insert into meioSocorro values (3, 'Entidade 50');
insert into meioSocorro values (0, 'Entidade 13');
insert into meioSocorro values (1, 'Entidade 49');
insert into meioSocorro values (2, 'Entidade 3');
insert into meioSocorro values (4, 'Entidade 56');
insert into meioSocorro values (1, 'Entidade 58');
insert into meioSocorro values (1, 'Entidade 0');
insert into meioSocorro values (4, 'Entidade 53');
insert into meioSocorro values (1, 'Entidade 35');
insert into meioSocorro values (3, 'Entidade 69');
insert into meioSocorro values (2, 'Entidade 52');
insert into meioSocorro values (0, 'Entidade 53');
insert into meioSocorro values (2, 'Entidade 29');
insert into meioSocorro values (4, 'Entidade 65');
insert into meioSocorro values (1, 'Entidade 92');
insert into meioSocorro values (1, 'Entidade 48');
insert into meioSocorro values (1, 'Entidade 70');
insert into meioSocorro values (3, 'Entidade 10');
insert into meioSocorro values (2, 'Entidade 43');
insert into meioSocorro values (2, 'Entidade 32');
insert into meioSocorro values (1, 'Entidade 41');
insert into meioSocorro values (3, 'Entidade 64');
insert into meioSocorro values (3, 'Entidade 14');
insert into meioSocorro values (0, 'Entidade 73');
insert into meioSocorro values (1, 'Entidade 76');
insert into meioSocorro values (0, 'Entidade 18');
insert into meioSocorro values (2, 'Entidade 9');
insert into meioSocorro values (3, 'Entidade 49');
insert into meioSocorro values (1, 'Entidade 20');
insert into meioSocorro values (0, 'Entidade 98');
insert into meioSocorro values (1, 'Entidade 79');
insert into meioSocorro values (3, 'Entidade 35');
insert into meioSocorro values (0, 'Entidade 71');
insert into meioSocorro values (3, 'Entidade 76');
insert into meioSocorro values (2, 'Entidade 41');
insert into meioSocorro values (1, 'Entidade 27');
insert into meioSocorro values (2, 'Entidade 1');
insert into meioSocorro values (4, 'Entidade 74');
insert into meioSocorro values (0, 'Entidade 41');
insert into meioSocorro values (0, 'Entidade 79');
insert into meioSocorro values (0, 'Entidade 26');
insert into meioSocorro values (5, 'Entidade 10');
insert into meioSocorro values (0, 'Entidade 22');
insert into meioSocorro values (1, 'Entidade 21');
insert into meioSocorro values (1, 'Entidade 47');
insert into meioSocorro values (3, 'Entidade 27');
insert into meioSocorro values (0, 'Entidade 92');
insert into meioSocorro values (0, 'Entidade 51');
insert into meioSocorro values (3, 'Entidade 44');
insert into meioSocorro values (1, 'Entidade 30');
insert into meioSocorro values (0, 'Entidade 30');
insert into meioSocorro values (2, 'Entidade 66');
insert into meioSocorro values (0, 'Entidade 83');
insert into meioSocorro values (5, 'Entidade 29');
insert into meioSocorro values (0, 'Entidade 50');
insert into meioSocorro values (3, 'Entidade 68');
insert into meioSocorro values (3, 'Entidade 94');
insert into meioSocorro values (2, 'Entidade 77');
insert into meioSocorro values (0, 'Entidade 47');
insert into meioSocorro values (3, 'Entidade 47');
insert into meioSocorro values (2, 'Entidade 49');
insert into meioSocorro values (3, 'Entidade 9');
insert into meioSocorro values (0, 'Entidade 66');
insert into meioSocorro values (0, 'Entidade 90');
insert into meioSocorro values (3, 'Entidade 3');
insert into meioSocorro values (5, 'Entidade 43');
insert into meioSocorro values (4, 'Entidade 46');
insert into meioSocorro values (4, 'Entidade 78');
insert into meioSocorro values (0, 'Entidade 10');
insert into meioSocorro values (2, 'Entidade 50');
insert into meioSocorro values (2, 'Entidade 12');
insert into meioSocorro values (0, 'Entidade 4');
insert into meioSocorro values (2, 'Entidade 69');
insert into meioSocorro values (1, 'Entidade 33');
insert into meioSocorro values (3, 'Entidade 38');
insert into meioSocorro values (5, 'Entidade 5');
insert into meioSocorro values (1, 'Entidade 77');
insert into meioSocorro values (0, 'Entidade 57');
insert into meioSocorro values (4, 'Entidade 29');
insert into meioSocorro values (1, 'Entidade 84');
insert into meioSocorro values (3, 'Entidade 6');
insert into meioSocorro values (1, 'Entidade 54');
insert into meioSocorro values (2, 'Entidade 6');
insert into meioSocorro values (0, 'Entidade 54');
insert into meioSocorro values (1, 'Entidade 14');
insert into meioSocorro values (1, 'Entidade 56');
insert into meioSocorro values (2, 'Entidade 62');
insert into meioSocorro values (0, 'Entidade 85');
insert into meioSocorro values (1, 'Entidade 1');
insert into meioSocorro values (0, 'Entidade 16');
insert into meioSocorro values (1, 'Entidade 68');
insert into meioSocorro values (0, 'Entidade 43');
insert into meioSocorro values (2, 'Entidade 73');
insert into meioSocorro values (1, 'Entidade 16');
insert into meioSocorro values (2, 'Entidade 46');
insert into meioSocorro values (1, 'Entidade 73');
insert into meioSocorro values (1, 'Entidade 37');
insert into meioSocorro values (1, 'Entidade 67');
insert into meioSocorro values (0, 'Entidade 42');
insert into meioSocorro values (0, 'Entidade 70');
insert into meioSocorro values (3, 'Entidade 32');
insert into meioSocorro values (0, 'Entidade 76');
insert into meioSocorro values (0, 'Entidade 37');
insert into meioSocorro values (2, 'Entidade 39');
insert into meioSocorro values (5, 'Entidade 78');
insert into meioSocorro values (4, 'Entidade 9');
insert into meioSocorro values (1, 'Entidade 53');
insert into meioSocorro values (2, 'Entidade 56');
insert into meioSocorro values (1, 'Entidade 13');
insert into meioSocorro values (1, 'Entidade 69');


insert into transporta values (3, 'Entidade 9', 2, 906601663);
insert into transporta values (4, 'Entidade 46', 2, 605548086);
insert into transporta values (5, 'Entidade 29', 3, 264692458);
insert into transporta values (4, 'Entidade 29', 3, 250478585);
insert into transporta values (0, 'Entidade 71', 5, 792284852);
insert into transporta values (0, 'Entidade 54', 3, 980870829);
insert into transporta values (0, 'Entidade 84', 3, 525119125);
insert into transporta values (0, 'Entidade 43', 4, 193727990);
insert into transporta values (1, 'Entidade 43', 4, 65799502);
insert into transporta values (0, 'Entidade 22', 0, 457844018);
insert into transporta values (0, 'Entidade 0', 0, 919969669);
insert into transporta values (1, 'Entidade 39', 4, 709934818);
insert into transporta values (0, 'Entidade 62', 2, 264692458);
insert into transporta values (1, 'Entidade 16', 5, 998410925);
insert into transporta values (2, 'Entidade 43', 5, 919969669);
insert into transporta values (3, 'Entidade 69', 5, 640788924);
insert into transporta values (1, 'Entidade 73', 1, 431000839);
insert into transporta values (0, 'Entidade 66', 2, 664087694);
insert into transporta values (3, 'Entidade 68', 1, 62519899);
insert into transporta values (0, 'Entidade 83', 1, 769738298);
insert into transporta values (3, 'Entidade 44', 3, 251976835);
insert into transporta values (5, 'Entidade 26', 0, 354721665);
insert into transporta values (1, 'Entidade 27', 2, 984416709);
insert into transporta values (1, 'Entidade 47', 1, 63822330);
insert into transporta values (0, 'Entidade 30', 0, 399352190);
insert into transporta values (1, 'Entidade 16', 5, 874659309);
insert into transporta values (0, 'Entidade 62', 1, 876115394);
insert into transporta values (1, 'Entidade 81', 0, 569040332);
insert into transporta values (2, 'Entidade 69', 5, 299103077);
insert into transporta values (1, 'Entidade 67', 2, 250478585);
insert into transporta values (4, 'Entidade 46', 2, 268518226);
insert into transporta values (0, 'Entidade 92', 2, 213335994);
insert into transporta values (4, 'Entidade 53', 5, 484937965);
insert into transporta values (0, 'Entidade 85', 4, 525119125);
insert into transporta values (1, 'Entidade 13', 0, 769738298);
insert into transporta values (0, 'Entidade 90', 3, 457298337);
insert into transporta values (0, 'Entidade 16', 5, 143109793);
insert into transporta values (1, 'Entidade 68', 1, 814596673);
insert into transporta values (1, 'Entidade 37', 0, 221757190);
insert into transporta values (5, 'Entidade 26', 1, 628321692);
insert into transporta values (3, 'Entidade 53', 3, 956344416);
insert into transporta values (5, 'Entidade 10', 5, 484937965);
insert into transporta values (0, 'Entidade 17', 3, 545660809);
insert into transporta values (3, 'Entidade 44', 1, 569040332);
insert into transporta values (0, 'Entidade 92', 5, 560092163);
insert into transporta values (2, 'Entidade 32', 3, 250478585);
insert into transporta values (0, 'Entidade 83', 5, 431000839);
insert into transporta values (3, 'Entidade 38', 4, 304282404);
insert into transporta values (3, 'Entidade 47', 0, 267234774);
insert into transporta values (1, 'Entidade 7', 4, 304282404);
insert into transporta values (0, 'Entidade 62', 5, 792284852);
insert into transporta values (2, 'Entidade 49', 5, 477727835);
insert into transporta values (1, 'Entidade 37', 0, 532064418);
insert into transporta values (0, 'Entidade 57', 5, 813180301);
insert into transporta values (0, 'Entidade 40', 3, 209003402);
insert into transporta values (2, 'Entidade 3', 0, 825294163);
insert into transporta values (3, 'Entidade 9', 5, 403820307);
insert into transporta values (3, 'Entidade 9', 1, 592871136);
insert into transporta values (0, 'Entidade 22', 0, 399352190);
insert into transporta values (0, 'Entidade 70', 3, 303217083);
insert into transporta values (1, 'Entidade 0', 1, 431000839);
insert into transporta values (0, 'Entidade 53', 0, 519681163);
insert into transporta values (0, 'Entidade 98', 0, 814596673);
insert into transporta values (1, 'Entidade 13', 1, 388856674);
insert into transporta values (1, 'Entidade 38', 5, 825294163);
insert into transporta values (0, 'Entidade 98', 2, 667314443);
insert into transporta values (0, 'Entidade 57', 1, 121865217);
insert into transporta values (4, 'Entidade 78', 5, 956344416);
insert into transporta values (3, 'Entidade 44', 2, 632438805);
insert into transporta values (1, 'Entidade 16', 5, 906601663);
insert into transporta values (4, 'Entidade 9', 4, 354721665);
insert into transporta values (1, 'Entidade 54', 3, 367342335);
insert into transporta values (2, 'Entidade 66', 2, 457298337);
insert into transporta values (3, 'Entidade 27', 1, 65799502);
insert into transporta values (3, 'Entidade 32', 2, 368540765);
insert into transporta values (1, 'Entidade 77', 0, 277713178);
insert into transporta values (2, 'Entidade 70', 1, 984416709);
insert into transporta values (2, 'Entidade 52', 1, 776867704);
insert into transporta values (4, 'Entidade 74', 3, 139210379);
insert into transporta values (1, 'Entidade 27', 5, 675693740);
insert into transporta values (0, 'Entidade 47', 4, 367342335);
insert into transporta values (1, 'Entidade 14', 2, 484937965);
insert into transporta values (0, 'Entidade 47', 1, 113140580);
insert into transporta values (0, 'Entidade 18', 4, 174505875);
insert into transporta values (3, 'Entidade 47', 4, 265215197);
insert into transporta values (2, 'Entidade 39', 4, 412427168);
insert into transporta values (0, 'Entidade 47', 4, 770735551);
insert into transporta values (0, 'Entidade 98', 4, 368540765);
insert into transporta values (2, 'Entidade 77', 4, 294101231);
insert into transporta values (3, 'Entidade 27', 4, 701952223);
insert into transporta values (2, 'Entidade 43', 1, 121865217);
insert into transporta values (2, 'Entidade 49', 0, 667314443);
insert into transporta values (2, 'Entidade 41', 2, 529424103);
insert into transporta values (0, 'Entidade 92', 2, 569923777);
insert into transporta values (4, 'Entidade 53', 2, 701952223);
insert into transporta values (4, 'Entidade 78', 0, 457298337);
insert into transporta values (4, 'Entidade 65', 5, 701952223);
insert into transporta values (2, 'Entidade 66', 2, 403820307);
insert into transporta values (2, 'Entidade 29', 1, 264692458);
insert into transporta values (0, 'Entidade 43', 1, 113140580);


insert into alocado values (0, 'Entidade 19', 5, 605548086);
insert into alocado values (0, 'Entidade 7', 3, 62519899);
insert into alocado values (2, 'Entidade 54', 4, 770735551);
insert into alocado values (4, 'Entidade 3', 3, 874659309);
insert into alocado values (1, 'Entidade 64', 1, 209003402);
insert into alocado values (0, 'Entidade 6', 1, 761789602);
insert into alocado values (5, 'Entidade 74', 0, 592871136);
insert into alocado values (1, 'Entidade 89', 5, 519681163);
insert into alocado values (4, 'Entidade 64', 3, 338267345);
insert into alocado values (0, 'Entidade 58', 3, 368540765);
insert into alocado values (1, 'Entidade 46', 4, 963795735);
insert into alocado values (5, 'Entidade 27', 2, 209003402);
insert into alocado values (0, 'Entidade 54', 1, 956344416);
insert into alocado values (3, 'Entidade 14', 0, 267234774);
insert into alocado values (0, 'Entidade 72', 1, 221757190);
insert into alocado values (0, 'Entidade 58', 1, 770735551);
insert into alocado values (0, 'Entidade 54', 5, 560092163);
insert into alocado values (0, 'Entidade 58', 5, 792284852);
insert into alocado values (0, 'Entidade 68', 1, 813180301);
insert into alocado values (2, 'Entidade 17', 5, 367342335);
insert into alocado values (0, 'Entidade 46', 5, 303217083);
insert into alocado values (5, 'Entidade 13', 1, 113332264);
insert into alocado values (1, 'Entidade 69', 5, 113332264);
insert into alocado values (3, 'Entidade 25', 2, 548527986);
insert into alocado values (2, 'Entidade 54', 3, 640788924);
insert into alocado values (2, 'Entidade 17', 3, 532064418);
insert into alocado values (2, 'Entidade 74', 2, 174505875);
insert into alocado values (2, 'Entidade 79', 0, 628321692);
insert into alocado values (1, 'Entidade 82', 5, 825294163);
insert into alocado values (2, 'Entidade 88', 2, 294101231);
insert into alocado values (2, 'Entidade 51', 5, 709934818);
insert into alocado values (1, 'Entidade 78', 5, 135999055);
insert into alocado values (1, 'Entidade 12', 4, 262927841);
insert into alocado values (1, 'Entidade 23', 3, 919969669);
insert into alocado values (3, 'Entidade 13', 5, 984416709);
insert into alocado values (4, 'Entidade 32', 4, 532064418);
insert into alocado values (0, 'Entidade 63', 0, 267234774);
insert into alocado values (2, 'Entidade 53', 4, 459735013);
insert into alocado values (4, 'Entidade 98', 2, 62519899);
insert into alocado values (4, 'Entidade 10', 5, 701952223);
insert into alocado values (2, 'Entidade 79', 5, 351445741);
insert into alocado values (2, 'Entidade 70', 2, 193727990);
insert into alocado values (2, 'Entidade 27', 2, 10448640);
insert into alocado values (1, 'Entidade 32', 5, 477727835);
insert into alocado values (0, 'Entidade 68', 0, 998410925);
insert into alocado values (3, 'Entidade 56', 4, 867090165);
insert into alocado values (0, 'Entidade 3', 4, 135999055);
insert into alocado values (4, 'Entidade 5', 5, 640788924);
insert into alocado values (1, 'Entidade 66', 4, 600470711);
insert into alocado values (5, 'Entidade 98', 3, 139210379);
insert into alocado values (2, 'Entidade 27', 4, 600470711);
insert into alocado values (1, 'Entidade 82', 0, 477727835);
insert into alocado values (0, 'Entidade 46', 5, 354721665);
insert into alocado values (2, 'Entidade 53', 2, 44753534);
insert into alocado values (3, 'Entidade 46', 1, 294101231);
insert into alocado values (4, 'Entidade 50', 4, 605548086);
insert into alocado values (1, 'Entidade 22', 0, 667314443);
insert into alocado values (1, 'Entidade 23', 1, 44753534);
insert into alocado values (2, 'Entidade 73', 0, 525119125);
insert into alocado values (4, 'Entidade 49', 4, 532064418);
insert into alocado values (1, 'Entidade 23', 4, 906601663);
insert into alocado values (0, 'Entidade 87', 0, 675693740);
insert into alocado values (3, 'Entidade 25', 0, 998410925);
insert into alocado values (0, 'Entidade 49', 4, 569040332);
insert into alocado values (4, 'Entidade 98', 4, 299103077);
insert into alocado values (1, 'Entidade 40', 4, 980870829);
insert into alocado values (0, 'Entidade 54', 0, 776867704);
insert into alocado values (0, 'Entidade 45', 4, 600470711);
insert into alocado values (4, 'Entidade 6', 5, 876115394);
insert into alocado values (0, 'Entidade 25', 3, 614308509);
insert into alocado values (4, 'Entidade 88', 1, 825294163);
insert into alocado values (2, 'Entidade 51', 5, 225840822);
insert into alocado values (2, 'Entidade 73', 2, 477727835);
insert into alocado values (1, 'Entidade 44', 4, 709934818);
insert into alocado values (2, 'Entidade 20', 1, 44753534);
insert into alocado values (0, 'Entidade 77', 5, 113332264);
insert into alocado values (0, 'Entidade 8', 1, 956344416);
insert into alocado values (3, 'Entidade 14', 0, 874659309);
insert into alocado values (0, 'Entidade 32', 4, 65799502);
insert into alocado values (5, 'Entidade 27', 5, 580606850);
insert into alocado values (3, 'Entidade 30', 0, 294101231);
insert into alocado values (1, 'Entidade 46', 0, 477727835);
insert into alocado values (1, 'Entidade 22', 4, 65799502);
insert into alocado values (4, 'Entidade 98', 3, 532064418);
insert into alocado values (0, 'Entidade 16', 2, 225840822);
insert into alocado values (0, 'Entidade 63', 1, 822570735);
insert into alocado values (2, 'Entidade 37', 5, 123725230);
insert into alocado values (3, 'Entidade 88', 5, 29961105);
insert into alocado values (2, 'Entidade 13', 4, 264692458);
insert into alocado values (1, 'Entidade 54', 4, 874659309);
insert into alocado values (1, 'Entidade 69', 0, 135999055);
insert into alocado values (0, 'Entidade 49', 0, 250478585);
insert into alocado values (2, 'Entidade 74', 0, 354721665);
insert into alocado values (2, 'Entidade 53', 5, 225840822);
insert into alocado values (2, 'Entidade 53', 5, 268518226);
insert into alocado values (0, 'Entidade 11', 2, 62519899);
insert into alocado values (0, 'Entidade 49', 0, 532064418);
insert into alocado values (2, 'Entidade 53', 1, 145686430);
insert into alocado values (3, 'Entidade 30', 5, 919969669);
insert into alocado values (1, 'Entidade 18', 1, 268518226);


insert into aciona values (3, 'Entidade 9', 906601663);
insert into aciona values (4, 'Entidade 46', 605548086);
insert into aciona values (5, 'Entidade 29', 264692458);
insert into aciona values (4, 'Entidade 29', 250478585);
insert into aciona values (0, 'Entidade 71', 792284852);
insert into aciona values (0, 'Entidade 54', 980870829);
insert into aciona values (0, 'Entidade 84', 525119125);
insert into aciona values (0, 'Entidade 43', 193727990);
insert into aciona values (1, 'Entidade 43', 65799502);
insert into aciona values (0, 'Entidade 22', 457844018);
insert into aciona values (0, 'Entidade 0', 919969669);
insert into aciona values (1, 'Entidade 39', 709934818);
insert into aciona values (0, 'Entidade 62', 264692458);
insert into aciona values (1, 'Entidade 16', 998410925);
insert into aciona values (2, 'Entidade 43', 919969669);
insert into aciona values (3, 'Entidade 69', 640788924);
insert into aciona values (1, 'Entidade 73', 431000839);
insert into aciona values (0, 'Entidade 66', 664087694);
insert into aciona values (3, 'Entidade 68', 62519899);
insert into aciona values (0, 'Entidade 83', 769738298);
insert into aciona values (3, 'Entidade 44', 251976835);
insert into aciona values (5, 'Entidade 26', 354721665);
insert into aciona values (1, 'Entidade 27', 984416709);
insert into aciona values (1, 'Entidade 47', 63822330);
insert into aciona values (0, 'Entidade 30', 399352190);
insert into aciona values (1, 'Entidade 16', 874659309);
insert into aciona values (0, 'Entidade 62', 876115394);
insert into aciona values (1, 'Entidade 81', 569040332);
insert into aciona values (2, 'Entidade 69', 299103077);
insert into aciona values (1, 'Entidade 67', 250478585);
insert into aciona values (4, 'Entidade 46', 268518226);
insert into aciona values (0, 'Entidade 92', 213335994);
insert into aciona values (4, 'Entidade 53', 484937965);
insert into aciona values (0, 'Entidade 85', 525119125);
insert into aciona values (1, 'Entidade 13', 769738298);
insert into aciona values (0, 'Entidade 90', 457298337);
insert into aciona values (0, 'Entidade 16', 143109793);
insert into aciona values (1, 'Entidade 68', 814596673);
insert into aciona values (1, 'Entidade 37', 221757190);
insert into aciona values (5, 'Entidade 26', 628321692);
insert into aciona values (3, 'Entidade 53', 956344416);
insert into aciona values (5, 'Entidade 10', 484937965);
insert into aciona values (0, 'Entidade 17', 545660809);
insert into aciona values (3, 'Entidade 44', 569040332);
insert into aciona values (0, 'Entidade 92', 560092163);
insert into aciona values (2, 'Entidade 32', 250478585);
insert into aciona values (0, 'Entidade 83', 431000839);
insert into aciona values (3, 'Entidade 38', 304282404);
insert into aciona values (3, 'Entidade 47', 267234774);
insert into aciona values (1, 'Entidade 7', 304282404);
insert into aciona values (0, 'Entidade 62', 792284852);
insert into aciona values (2, 'Entidade 49', 477727835);
insert into aciona values (1, 'Entidade 37', 532064418);
insert into aciona values (0, 'Entidade 57', 813180301);
insert into aciona values (0, 'Entidade 40', 209003402);
insert into aciona values (2, 'Entidade 3', 825294163);
insert into aciona values (3, 'Entidade 9', 403820307);
insert into aciona values (3, 'Entidade 9', 592871136);
insert into aciona values (0, 'Entidade 22', 399352190);
insert into aciona values (0, 'Entidade 70', 303217083);
insert into aciona values (1, 'Entidade 0', 431000839);
insert into aciona values (0, 'Entidade 53', 519681163);
insert into aciona values (0, 'Entidade 98', 814596673);
insert into aciona values (1, 'Entidade 13', 388856674);
insert into aciona values (1, 'Entidade 38', 825294163);
insert into aciona values (0, 'Entidade 98', 667314443);
insert into aciona values (0, 'Entidade 57', 121865217);
insert into aciona values (4, 'Entidade 78', 956344416);
insert into aciona values (3, 'Entidade 44', 632438805);
insert into aciona values (1, 'Entidade 16', 906601663);
insert into aciona values (4, 'Entidade 9', 354721665);
insert into aciona values (1, 'Entidade 54', 367342335);
insert into aciona values (2, 'Entidade 66', 457298337);
insert into aciona values (3, 'Entidade 27', 65799502);
insert into aciona values (3, 'Entidade 32', 368540765);
insert into aciona values (1, 'Entidade 77', 277713178);
insert into aciona values (2, 'Entidade 70', 984416709);
insert into aciona values (2, 'Entidade 52', 776867704);
insert into aciona values (4, 'Entidade 74', 139210379);
insert into aciona values (1, 'Entidade 27', 675693740);
insert into aciona values (0, 'Entidade 47', 367342335);
insert into aciona values (1, 'Entidade 14', 484937965);
insert into aciona values (0, 'Entidade 47', 113140580);
insert into aciona values (0, 'Entidade 18', 174505875);
insert into aciona values (3, 'Entidade 47', 265215197);
insert into aciona values (2, 'Entidade 39', 412427168);
insert into aciona values (0, 'Entidade 47', 770735551);
insert into aciona values (0, 'Entidade 98', 368540765);
insert into aciona values (2, 'Entidade 77', 294101231);
insert into aciona values (3, 'Entidade 27', 701952223);
insert into aciona values (2, 'Entidade 43', 121865217);
insert into aciona values (2, 'Entidade 49', 667314443);
insert into aciona values (2, 'Entidade 41', 529424103);
insert into aciona values (0, 'Entidade 92', 569923777);
insert into aciona values (4, 'Entidade 53', 701952223);
insert into aciona values (4, 'Entidade 78', 457298337);
insert into aciona values (4, 'Entidade 65', 701952223);
insert into aciona values (2, 'Entidade 66', 403820307);
insert into aciona values (2, 'Entidade 29', 264692458);
insert into aciona values (0, 'Entidade 43', 113140580);
insert into aciona values (0, 'Entidade 19', 605548086);
insert into aciona values (0, 'Entidade 7', 62519899);
insert into aciona values (2, 'Entidade 54', 770735551);
insert into aciona values (4, 'Entidade 3', 874659309);
insert into aciona values (1, 'Entidade 64', 209003402);
insert into aciona values (0, 'Entidade 6', 761789602);
insert into aciona values (5, 'Entidade 74', 592871136);
insert into aciona values (1, 'Entidade 89', 519681163);
insert into aciona values (4, 'Entidade 64', 338267345);
insert into aciona values (0, 'Entidade 58', 368540765);
insert into aciona values (1, 'Entidade 46', 963795735);
insert into aciona values (5, 'Entidade 27', 209003402);
insert into aciona values (0, 'Entidade 54', 956344416);
insert into aciona values (3, 'Entidade 14', 267234774);
insert into aciona values (0, 'Entidade 72', 221757190);
insert into aciona values (0, 'Entidade 58', 770735551);
insert into aciona values (0, 'Entidade 54', 560092163);
insert into aciona values (0, 'Entidade 58', 792284852);
insert into aciona values (0, 'Entidade 68', 813180301);
insert into aciona values (2, 'Entidade 17', 367342335);
insert into aciona values (0, 'Entidade 46', 303217083);
insert into aciona values (5, 'Entidade 13', 113332264);
insert into aciona values (1, 'Entidade 69', 113332264);
insert into aciona values (3, 'Entidade 25', 548527986);
insert into aciona values (2, 'Entidade 54', 640788924);
insert into aciona values (2, 'Entidade 17', 532064418);
insert into aciona values (2, 'Entidade 74', 174505875);
insert into aciona values (2, 'Entidade 79', 628321692);
insert into aciona values (1, 'Entidade 82', 825294163);
insert into aciona values (2, 'Entidade 88', 294101231);
insert into aciona values (2, 'Entidade 51', 709934818);
insert into aciona values (1, 'Entidade 78', 135999055);
insert into aciona values (1, 'Entidade 12', 262927841);
insert into aciona values (1, 'Entidade 23', 919969669);
insert into aciona values (3, 'Entidade 13', 984416709);
insert into aciona values (4, 'Entidade 32', 532064418);
insert into aciona values (0, 'Entidade 63', 267234774);
insert into aciona values (2, 'Entidade 53', 459735013);
insert into aciona values (4, 'Entidade 98', 62519899);
insert into aciona values (4, 'Entidade 10', 701952223);
insert into aciona values (2, 'Entidade 79', 351445741);
insert into aciona values (2, 'Entidade 70', 193727990);
insert into aciona values (2, 'Entidade 27', 10448640);
insert into aciona values (1, 'Entidade 32', 477727835);
insert into aciona values (0, 'Entidade 68', 998410925);
insert into aciona values (3, 'Entidade 56', 867090165);
insert into aciona values (0, 'Entidade 3', 135999055);
insert into aciona values (4, 'Entidade 5', 640788924);
insert into aciona values (1, 'Entidade 66', 600470711);
insert into aciona values (5, 'Entidade 98', 139210379);
insert into aciona values (2, 'Entidade 27', 600470711);
insert into aciona values (1, 'Entidade 82', 477727835);
insert into aciona values (0, 'Entidade 46', 354721665);
insert into aciona values (2, 'Entidade 53', 44753534);
insert into aciona values (3, 'Entidade 46', 294101231);
insert into aciona values (4, 'Entidade 50', 605548086);
insert into aciona values (1, 'Entidade 22', 667314443);
insert into aciona values (1, 'Entidade 23', 44753534);
insert into aciona values (2, 'Entidade 73', 525119125);
insert into aciona values (4, 'Entidade 49', 532064418);
insert into aciona values (1, 'Entidade 23', 906601663);
insert into aciona values (0, 'Entidade 87', 675693740);
insert into aciona values (3, 'Entidade 25', 998410925);
insert into aciona values (0, 'Entidade 49', 569040332);
insert into aciona values (4, 'Entidade 98', 299103077);
insert into aciona values (1, 'Entidade 40', 980870829);
insert into aciona values (0, 'Entidade 54', 776867704);
insert into aciona values (0, 'Entidade 45', 600470711);
insert into aciona values (4, 'Entidade 6', 876115394);
insert into aciona values (0, 'Entidade 25', 614308509);
insert into aciona values (4, 'Entidade 88', 825294163);
insert into aciona values (2, 'Entidade 51', 225840822);
insert into aciona values (2, 'Entidade 73', 477727835);
insert into aciona values (1, 'Entidade 44', 709934818);
insert into aciona values (2, 'Entidade 20', 44753534);
insert into aciona values (0, 'Entidade 77', 113332264);
insert into aciona values (0, 'Entidade 8', 956344416);
insert into aciona values (3, 'Entidade 14', 874659309);
insert into aciona values (0, 'Entidade 32', 65799502);
insert into aciona values (5, 'Entidade 27', 580606850);
insert into aciona values (3, 'Entidade 30', 294101231);
insert into aciona values (1, 'Entidade 46', 477727835);
insert into aciona values (1, 'Entidade 22', 65799502);
insert into aciona values (4, 'Entidade 98', 532064418);
insert into aciona values (0, 'Entidade 16', 225840822);
insert into aciona values (0, 'Entidade 63', 822570735);
insert into aciona values (2, 'Entidade 37', 123725230);
insert into aciona values (3, 'Entidade 88', 29961105);
insert into aciona values (2, 'Entidade 13', 264692458);
insert into aciona values (1, 'Entidade 54', 874659309);
insert into aciona values (1, 'Entidade 69', 135999055);
insert into aciona values (0, 'Entidade 49', 250478585);
insert into aciona values (2, 'Entidade 74', 354721665);
insert into aciona values (2, 'Entidade 53', 225840822);
insert into aciona values (2, 'Entidade 53', 268518226);
insert into aciona values (0, 'Entidade 11', 62519899);
insert into aciona values (0, 'Entidade 49', 532064418);
insert into aciona values (2, 'Entidade 53', 145686430);
insert into aciona values (3, 'Entidade 30', 919969669);
insert into aciona values (1, 'Entidade 18', 268518226);
insert into aciona values (3, 'Entidade 88', 675693740);
insert into aciona values (3, 'Entidade 42', 814596673);
insert into aciona values (3, 'Entidade 50', 874659309);
insert into aciona values (1, 'Entidade 74', 277713178);
insert into aciona values (1, 'Entidade 94', 221757190);
insert into aciona values (4, 'Entidade 13', 113140580);
insert into aciona values (1, 'Entidade 13', 569923777);
insert into aciona values (1, 'Entidade 13', 225840822);
insert into aciona values (0, 'Entidade 88', 209003402);
insert into aciona values (0, 'Entidade 20', 368540765);
insert into aciona values (0, 'Entidade 20', 367342335);
insert into aciona values (1, 'Entidade 52', 956344416);
insert into aciona values (2, 'Entidade 25', 956344416);
insert into aciona values (5, 'Entidade 64', 569040332);
insert into aciona values (1, 'Entidade 13', 399352190);
insert into aciona values (1, 'Entidade 37', 822570735);
insert into aciona values (0, 'Entidade 26', 139210379);
insert into aciona values (4, 'Entidade 13', 628321692);
insert into aciona values (4, 'Entidade 13', 368540765);
insert into aciona values (2, 'Entidade 35', 123725230);
insert into aciona values (3, 'Entidade 88', 63822330);
insert into aciona values (3, 'Entidade 52', 776867704);
insert into aciona values (2, 'Entidade 65', 139210379);
insert into aciona values (1, 'Entidade 13', 825294163);
insert into aciona values (0, 'Entidade 64', 477727835);
insert into aciona values (0, 'Entidade 91', 709934818);
insert into aciona values (1, 'Entidade 71', 614308509);
insert into aciona values (2, 'Entidade 25', 519681163);
insert into aciona values (2, 'Entidade 25', 351445741);
insert into aciona values (2, 'Entidade 47', 761789602);
insert into aciona values (2, 'Entidade 65', 174505875);
insert into aciona values (1, 'Entidade 25', 664087694);
insert into aciona values (3, 'Entidade 6', 457298337);
insert into aciona values (0, 'Entidade 69', 484937965);
insert into aciona values (1, 'Entidade 74', 63822330);
insert into aciona values (3, 'Entidade 29', 338267345);
insert into aciona values (2, 'Entidade 30', 903535923);
insert into aciona values (4, 'Entidade 68', 431000839);
insert into aciona values (4, 'Entidade 78', 412427168);
insert into aciona values (4, 'Entidade 52', 519681163);
insert into aciona values (4, 'Entidade 52', 825294163);
insert into aciona values (1, 'Entidade 13', 457844018);
insert into aciona values (4, 'Entidade 13', 242529865);
insert into aciona values (0, 'Entidade 37', 403820307);
insert into aciona values (4, 'Entidade 14', 709934818);
insert into aciona values (4, 'Entidade 30', 303217083);
insert into aciona values (0, 'Entidade 43', 268518226);
insert into aciona values (3, 'Entidade 50', 709934818);
insert into aciona values (2, 'Entidade 21', 113332264);
insert into aciona values (3, 'Entidade 88', 569923777);
insert into aciona values (2, 'Entidade 64', 813180301);
insert into aciona values (0, 'Entidade 9', 113140580);
insert into aciona values (5, 'Entidade 56', 304282404);
insert into aciona values (4, 'Entidade 13', 213335994);
insert into aciona values (2, 'Entidade 33', 664087694);
insert into aciona values (4, 'Entidade 27', 338267345);
insert into aciona values (2, 'Entidade 18', 175523184);
insert into aciona values (2, 'Entidade 35', 709934818);
insert into aciona values (0, 'Entidade 77', 614308509);
insert into aciona values (1, 'Entidade 29', 304282404);
insert into aciona values (1, 'Entidade 31', 139210379);
insert into aciona values (3, 'Entidade 62', 145686430);
insert into aciona values (0, 'Entidade 40', 10240422);
insert into aciona values (1, 'Entidade 71', 569040332);
insert into aciona values (2, 'Entidade 68', 242529865);
insert into aciona values (1, 'Entidade 73', 143109793);
insert into aciona values (4, 'Entidade 9', 580606850);
insert into aciona values (3, 'Entidade 30', 209003402);
insert into aciona values (1, 'Entidade 37', 403820307);
insert into aciona values (4, 'Entidade 78', 667314443);
insert into aciona values (1, 'Entidade 95', 403820307);
insert into aciona values (4, 'Entidade 52', 123725230);
insert into aciona values (2, 'Entidade 0', 867090165);
insert into aciona values (0, 'Entidade 34', 338267345);
insert into aciona values (1, 'Entidade 88', 242529865);
insert into aciona values (3, 'Entidade 1', 265215197);
insert into aciona values (3, 'Entidade 42', 304282404);
insert into aciona values (1, 'Entidade 74', 143109793);
insert into aciona values (0, 'Entidade 88', 351445741);
insert into aciona values (3, 'Entidade 26', 667314443);
insert into aciona values (1, 'Entidade 25', 304282404);
insert into aciona values (0, 'Entidade 81', 569923777);
insert into aciona values (1, 'Entidade 74', 632858848);
insert into aciona values (1, 'Entidade 47', 984416709);
insert into aciona values (3, 'Entidade 6', 525119125);
insert into aciona values (1, 'Entidade 19', 709934818);
insert into aciona values (1, 'Entidade 34', 761789602);
insert into aciona values (3, 'Entidade 65', 388856674);
insert into aciona values (0, 'Entidade 48', 769738298);
insert into aciona values (2, 'Entidade 17', 10448640);
insert into aciona values (0, 'Entidade 43', 484937965);
insert into aciona values (0, 'Entidade 9', 606845867);
insert into aciona values (4, 'Entidade 35', 262927841);
insert into aciona values (1, 'Entidade 51', 143109793);
insert into aciona values (4, 'Entidade 27', 580606850);
insert into aciona values (1, 'Entidade 34', 548527986);
insert into aciona values (2, 'Entidade 40', 701952223);
insert into aciona values (2, 'Entidade 95', 113332264);
insert into aciona values (1, 'Entidade 98', 294101231);
insert into aciona values (3, 'Entidade 17', 251976835);
insert into aciona values (12, 'Entidade 99', 251976835);
insert into aciona values (12, 'Entidade 99', 919969669);
insert into aciona values (12, 'Entidade 99', 392566595);
insert into aciona values (12, 'Entidade 99', 221757190);
insert into aciona values (12, 'Entidade 99', 519681163);
insert into aciona values (12, 'Entidade 99', 569040332);
insert into aciona values (12, 'Entidade 99', 605548086);
insert into aciona values (12, 'Entidade 99', 984416709);
insert into aciona values (12, 'Entidade 99', 268518226);
insert into aciona values (12, 'Entidade 99', 175523184);
insert into aciona values (12, 'Entidade 99', 874659309);
insert into aciona values (12, 'Entidade 99', 477727835);
insert into aciona values (12, 'Entidade 99', 814596673);
insert into aciona values (12, 'Entidade 99', 213335994);
insert into aciona values (12, 'Entidade 99', 121865217);
insert into aciona values (12, 'Entidade 99', 667314443);
insert into aciona values (12, 'Entidade 99', 304282404);
insert into aciona values (12, 'Entidade 99', 267234774);
insert into aciona values (12, 'Entidade 99', 216560159);
insert into aciona values (12, 'Entidade 99', 10240422);
insert into aciona values (12, 'Entidade 99', 242529865);
insert into aciona values (12, 'Entidade 99', 592871136);
insert into aciona values (12, 'Entidade 99', 600470711);
insert into aciona values (12, 'Entidade 99', 614308509);
insert into aciona values (12, 'Entidade 99', 143109793);
insert into aciona values (12, 'Entidade 99', 867090165);
insert into aciona values (12, 'Entidade 99', 44753534);
insert into aciona values (12, 'Entidade 99', 903535923);
insert into aciona values (12, 'Entidade 99', 294101231);
insert into aciona values (12, 'Entidade 99', 257791492);
insert into aciona values (12, 'Entidade 99', 769738298);
insert into aciona values (12, 'Entidade 99', 412427168);
insert into aciona values (12, 'Entidade 99', 62519899);
insert into aciona values (12, 'Entidade 99', 459735013);
insert into aciona values (12, 'Entidade 99', 303217083);
insert into aciona values (12, 'Entidade 99', 113140580);
insert into aciona values (12, 'Entidade 99', 824805927);
insert into aciona values (12, 'Entidade 99', 675693740);
insert into aciona values (12, 'Entidade 99', 825294163);
insert into aciona values (12, 'Entidade 99', 139210379);
insert into aciona values (12, 'Entidade 99', 338267345);
insert into aciona values (12, 'Entidade 99', 525119125);
insert into aciona values (12, 'Entidade 99', 354721665);
insert into aciona values (12, 'Entidade 99', 813180301);
insert into aciona values (12, 'Entidade 99', 628321692);
insert into aciona values (12, 'Entidade 99', 63822330);
insert into aciona values (12, 'Entidade 99', 532064418);
insert into aciona values (12, 'Entidade 99', 225840822);
insert into aciona values (12, 'Entidade 99', 998410925);
insert into aciona values (12, 'Entidade 99', 569923777);
insert into aciona values (12, 'Entidade 99', 457298337);
insert into aciona values (12, 'Entidade 99', 545660809);
insert into aciona values (12, 'Entidade 99', 299103077);
insert into aciona values (12, 'Entidade 99', 431000839);
insert into aciona values (12, 'Entidade 99', 906601663);
insert into aciona values (12, 'Entidade 99', 980870829);
insert into aciona values (12, 'Entidade 99', 277713178);
insert into aciona values (12, 'Entidade 99', 876115394);
insert into aciona values (12, 'Entidade 99', 822570735);
insert into aciona values (12, 'Entidade 99', 193727990);
insert into aciona values (12, 'Entidade 99', 123725230);
insert into aciona values (12, 'Entidade 99', 632858848);
insert into aciona values (12, 'Entidade 99', 664087694);
insert into aciona values (12, 'Entidade 99', 10448640);
insert into aciona values (12, 'Entidade 99', 432464249);
insert into aciona values (12, 'Entidade 99', 113332264);
insert into aciona values (12, 'Entidade 99', 606845867);
insert into aciona values (12, 'Entidade 99', 388856674);
insert into aciona values (12, 'Entidade 99', 403820307);
insert into aciona values (12, 'Entidade 99', 709934818);
insert into aciona values (12, 'Entidade 99', 174505875);
insert into aciona values (12, 'Entidade 99', 265215197);
insert into aciona values (12, 'Entidade 99', 399352190);
insert into aciona values (12, 'Entidade 99', 701952223);
insert into aciona values (12, 'Entidade 99', 956344416);
insert into aciona values (12, 'Entidade 99', 560092163);
insert into aciona values (12, 'Entidade 99', 65799502);
insert into aciona values (12, 'Entidade 99', 529424103);
insert into aciona values (12, 'Entidade 99', 484937965);
insert into aciona values (12, 'Entidade 99', 367342335);
insert into aciona values (12, 'Entidade 99', 761789602);
insert into aciona values (12, 'Entidade 99', 548527986);
insert into aciona values (12, 'Entidade 99', 580606850);
insert into aciona values (12, 'Entidade 99', 209003402);
insert into aciona values (12, 'Entidade 99', 29961105);
insert into aciona values (12, 'Entidade 99', 351445741);
insert into aciona values (12, 'Entidade 99', 770735551);
insert into aciona values (12, 'Entidade 99', 963795735);
insert into aciona values (12, 'Entidade 99', 368540765);
insert into aciona values (12, 'Entidade 99', 449796002);
insert into aciona values (12, 'Entidade 99', 640788924);
insert into aciona values (12, 'Entidade 99', 792284852);
insert into aciona values (12, 'Entidade 99', 264692458);
insert into aciona values (12, 'Entidade 99', 632438805);
insert into aciona values (12, 'Entidade 99', 457844018);
insert into aciona values (12, 'Entidade 99', 262927841);
insert into aciona values (12, 'Entidade 99', 776867704);
insert into aciona values (12, 'Entidade 99', 145686430);
insert into aciona values (12, 'Entidade 99', 250478585);
insert into aciona values (12, 'Entidade 99', 135999055);




insert into coordenador values (0);
insert into coordenador values (1);
insert into coordenador values (2);
insert into coordenador values (3);
insert into coordenador values (4);
insert into coordenador values (5);
insert into coordenador values (6);
insert into coordenador values (7);
insert into coordenador values (8);
insert into coordenador values (9);
insert into coordenador values (10);
insert into coordenador values (11);
insert into coordenador values (12);
insert into coordenador values (13);
insert into coordenador values (14);
insert into coordenador values (15);
insert into coordenador values (16);
insert into coordenador values (17);
insert into coordenador values (18);
insert into coordenador values (19);
insert into coordenador values (20);
insert into coordenador values (21);
insert into coordenador values (22);
insert into coordenador values (23);
insert into coordenador values (24);
insert into coordenador values (25);
insert into coordenador values (26);
insert into coordenador values (27);
insert into coordenador values (28);
insert into coordenador values (29);
insert into coordenador values (30);
insert into coordenador values (31);
insert into coordenador values (32);
insert into coordenador values (33);
insert into coordenador values (34);
insert into coordenador values (35);
insert into coordenador values (36);
insert into coordenador values (37);
insert into coordenador values (38);
insert into coordenador values (39);
insert into coordenador values (40);
insert into coordenador values (41);
insert into coordenador values (42);
insert into coordenador values (43);
insert into coordenador values (44);
insert into coordenador values (45);
insert into coordenador values (46);
insert into coordenador values (47);
insert into coordenador values (48);
insert into coordenador values (49);
insert into coordenador values (50);
insert into coordenador values (51);
insert into coordenador values (52);
insert into coordenador values (53);
insert into coordenador values (54);
insert into coordenador values (55);
insert into coordenador values (56);
insert into coordenador values (57);
insert into coordenador values (58);
insert into coordenador values (59);
insert into coordenador values (60);
insert into coordenador values (61);
insert into coordenador values (62);
insert into coordenador values (63);
insert into coordenador values (64);
insert into coordenador values (65);
insert into coordenador values (66);
insert into coordenador values (67);
insert into coordenador values (68);
insert into coordenador values (69);
insert into coordenador values (70);
insert into coordenador values (71);
insert into coordenador values (72);
insert into coordenador values (73);
insert into coordenador values (74);
insert into coordenador values (75);
insert into coordenador values (76);
insert into coordenador values (77);
insert into coordenador values (78);
insert into coordenador values (79);
insert into coordenador values (80);
insert into coordenador values (81);
insert into coordenador values (82);
insert into coordenador values (83);
insert into coordenador values (84);
insert into coordenador values (85);
insert into coordenador values (86);
insert into coordenador values (87);
insert into coordenador values (88);
insert into coordenador values (89);
insert into coordenador values (90);
insert into coordenador values (91);
insert into coordenador values (92);
insert into coordenador values (93);
insert into coordenador values (94);
insert into coordenador values (95);
insert into coordenador values (96);
insert into coordenador values (97);
insert into coordenador values (98);
insert into coordenador values (99);


insert into audita values (24, '0', 'Entidade 66', 664087694, '2018-07-07 15:32:56', '2018-11-19 12:06:38', '2019-01-14 19:41:01', 'ADSDSATEXTO');
insert into audita values (35, '2', 'Entidade 54', 640788924, '2018-01-19 20:08:24', '2018-10-27 17:55:26', '2019-03-12 16:28:18', 'ADSDSATEXTO');
insert into audita values (36, '3', 'Entidade 30', 919969669, '2018-05-29 07:44:14', '2018-07-16 11:49:49', '2019-09-19 02:16:31', 'ADSDSATEXTO');
insert into audita values (41, '3', 'Entidade 47', 267234774, '2018-07-04 16:41:41', '2018-08-27 15:21:08', '2019-02-17 03:07:33', 'ADSDSATEXTO');
insert into audita values (61, '0', 'Entidade 22', 457844018, '2018-01-04 20:08:07', '2018-02-13 15:22:35', '2019-09-20 03:38:49', 'ADSDSATEXTO');
insert into audita values (74, '0', 'Entidade 68', 813180301, '2018-05-13 22:58:32', '2018-09-29 14:22:52', '2019-07-16 12:16:16', 'ADSDSATEXTO');
insert into audita values (5, '0', 'Entidade 18', 174505875, '2018-06-18 08:32:58', '2018-08-04 21:45:39', '2019-07-01 02:14:33', 'ADSDSATEXTO');
insert into audita values (50, '3', 'Entidade 14', 874659309, '2018-01-18 20:17:44', '2018-07-30 13:30:18', '2019-07-21 06:57:11', 'ADSDSATEXTO');
insert into audita values (17, '4', 'Entidade 49', 532064418, '2018-01-01 06:24:35', '2018-06-12 11:02:12', '2019-06-12 16:58:30', 'ADSDSATEXTO');
insert into audita values (49, '2', 'Entidade 37', 123725230, '2018-04-04 20:16:16', '2018-11-19 18:43:33', '2019-09-06 06:27:56', 'ADSDSATEXTO');
insert into audita values (29, '1', 'Entidade 34', 761789602, '2018-07-04 10:03:08', '2018-10-08 20:05:16', '2019-02-01 06:02:01', 'ADSDSATEXTO');
insert into audita values (30, '2', 'Entidade 53', 44753534, '2018-06-09 04:23:31', '2018-10-29 13:28:02', '2019-07-21 05:50:13', 'ADSDSATEXTO');
insert into audita values (3, '2', 'Entidade 35', 123725230, '2018-07-14 05:18:39', '2018-09-16 09:01:56', '2019-04-03 07:12:40', 'ADSDSATEXTO');
insert into audita values (93, '2', 'Entidade 30', 903535923, '2018-02-02 12:07:09', '2018-08-14 21:04:41', '2019-08-15 02:15:59', 'ADSDSATEXTO');
insert into audita values (13, '2', 'Entidade 53', 145686430, '2018-03-07 18:18:21', '2018-05-13 12:41:48', '2019-04-04 09:32:08', 'ADSDSATEXTO');
insert into audita values (33, '1', 'Entidade 0', 431000839, '2018-02-04 20:08:54', '2018-08-26 18:28:09', '2019-04-27 18:38:36', 'ADSDSATEXTO');
insert into audita values (65, '0', 'Entidade 40', 10240422, '2018-07-25 14:29:51', '2018-11-14 08:01:39', '2019-09-17 22:54:38', 'ADSDSATEXTO');
insert into audita values (69, '1', 'Entidade 69', 113332264, '2018-01-18 23:25:31', '2018-06-04 21:18:15', '2019-09-18 14:42:25', 'ADSDSATEXTO');
insert into audita values (27, '0', 'Entidade 40', 10240422, '2018-05-09 09:04:46', '2018-11-26 05:15:03', '2019-06-05 10:18:49', 'ADSDSATEXTO');
insert into audita values (45, '1', 'Entidade 13', 388856674, '2018-01-03 03:29:52', '2018-05-27 23:31:42', '2019-08-14 01:58:47', 'ADSDSATEXTO');
insert into audita values (62, '1', 'Entidade 88', 242529865, '2018-02-16 16:39:42', '2018-11-06 01:04:41', '2019-02-08 07:54:13', 'ADSDSATEXTO');
insert into audita values (95, '0', 'Entidade 57', 121865217, '2018-08-05 17:01:01', '2018-09-25 21:02:57', '2019-10-14 02:49:24', 'ADSDSATEXTO');
insert into audita values (55, '1', 'Entidade 51', 143109793, '2018-01-24 23:51:51', '2018-10-03 08:08:16', '2019-10-05 15:58:46', 'ADSDSATEXTO');
insert into audita values (46, '0', 'Entidade 92', 569923777, '2018-01-04 07:08:42', '2018-11-07 12:36:53', '2019-11-10 16:46:52', 'ADSDSATEXTO');
insert into audita values (36, '1', 'Entidade 37', 403820307, '2018-07-04 19:31:06', '2018-10-12 01:47:42', '2019-09-12 21:49:11', 'ADSDSATEXTO');
insert into audita values (41, '1', 'Entidade 13', 399352190, '2018-01-25 02:13:04', '2018-09-28 02:32:40', '2019-07-30 14:30:55', 'ADSDSATEXTO');
insert into audita values (40, '1', 'Entidade 13', 825294163, '2018-01-17 23:48:22', '2018-10-25 02:22:39', '2019-07-18 10:09:58', 'ADSDSATEXTO');
insert into audita values (28, '0', 'Entidade 49', 250478585, '2018-01-09 07:19:22', '2018-07-05 04:48:36', '2019-03-28 21:25:23', 'ADSDSATEXTO');
insert into audita values (31, '1', 'Entidade 89', 519681163, '2018-01-05 12:12:47', '2018-04-27 04:43:13', '2019-03-07 22:52:39', 'ADSDSATEXTO');
insert into audita values (3, '1', 'Entidade 23', 44753534, '2018-09-14 04:09:54', '2018-10-25 23:21:22', '2019-10-03 09:45:48', 'ADSDSATEXTO');
insert into audita values (82, '1', 'Entidade 31', 139210379, '2018-08-29 18:09:11', '2018-11-12 06:35:31', '2019-07-16 18:52:09', 'ADSDSATEXTO');
insert into audita values (24, '4', 'Entidade 13', 242529865, '2018-03-16 01:29:03', '2018-09-13 03:30:15', '2019-01-05 14:46:12', 'ADSDSATEXTO');
insert into audita values (40, '1', 'Entidade 31', 139210379, '2018-05-09 11:42:15', '2018-11-21 22:37:28', '2019-11-29 06:03:37', 'ADSDSATEXTO');
insert into audita values (90, '0', 'Entidade 25', 614308509, '2018-06-07 16:05:01', '2018-11-25 18:19:56', '2019-07-30 11:11:40', 'ADSDSATEXTO');
insert into audita values (5, '4', 'Entidade 10', 701952223, '2018-10-11 15:12:54', '2018-11-18 10:25:32', '2019-01-06 14:33:35', 'ADSDSATEXTO');
insert into audita values (62, '0', 'Entidade 54', 560092163, '2018-01-10 13:35:11', '2018-11-15 21:55:03', '2019-02-11 12:20:24', 'ADSDSATEXTO');
insert into audita values (20, '2', 'Entidade 21', 113332264, '2018-01-29 14:56:21', '2018-03-01 11:24:06', '2019-10-25 10:36:12', 'ADSDSATEXTO');
insert into audita values (34, '1', 'Entidade 47', 984416709, '2018-06-13 12:43:05', '2018-10-14 12:03:36', '2019-09-22 04:08:27', 'ADSDSATEXTO');
insert into audita values (8, '0', 'Entidade 92', 213335994, '2018-04-11 15:18:09', '2018-09-07 09:05:25', '2019-07-02 06:48:45', 'ADSDSATEXTO');
insert into audita values (71, '0', 'Entidade 83', 769738298, '2018-01-06 04:58:54', '2018-11-29 07:59:59', '2019-08-16 03:36:29', 'ADSDSATEXTO');
insert into audita values (84, '2', 'Entidade 18', 175523184, '2018-05-01 06:08:59', '2018-11-27 01:34:46', '2019-08-25 14:25:23', 'ADSDSATEXTO');
insert into audita values (2, '2', 'Entidade 53', 145686430, '2018-04-08 21:10:23', '2018-10-18 18:12:02', '2019-07-05 12:05:29', 'ADSDSATEXTO');
insert into audita values (79, '0', 'Entidade 85', 525119125, '2018-01-27 22:42:48', '2018-08-13 12:48:25', '2019-02-18 02:15:32', 'ADSDSATEXTO');
insert into audita values (36, '1', 'Entidade 44', 709934818, '2018-02-16 01:52:32', '2018-05-28 01:09:42', '2019-08-04 06:29:44', 'ADSDSATEXTO');
insert into audita values (20, '0', 'Entidade 62', 876115394, '2018-05-17 19:02:42', '2018-11-18 22:57:34', '2019-05-01 15:01:27', 'ADSDSATEXTO');
insert into audita values (28, '1', 'Entidade 13', 399352190, '2018-01-30 16:13:37', '2018-10-26 19:18:31', '2019-01-21 19:24:57', 'ADSDSATEXTO');
insert into audita values (5, '0', 'Entidade 57', 121865217, '2018-04-23 08:07:33', '2018-09-28 16:36:20', '2019-04-19 22:21:41', 'ADSDSATEXTO');
insert into audita values (51, '0', 'Entidade 62', 792284852, '2018-03-01 18:34:45', '2018-10-23 21:18:49', '2019-09-14 13:45:05', 'ADSDSATEXTO');
insert into audita values (41, '1', 'Entidade 40', 980870829, '2018-02-01 03:23:31', '2018-11-08 21:21:36', '2019-04-29 17:27:43', 'ADSDSATEXTO');
insert into audita values (74, '4', 'Entidade 46', 605548086, '2018-04-25 05:20:10', '2018-10-14 11:20:29', '2019-09-16 19:24:28', 'ADSDSATEXTO');
insert into audita values (16, '4', 'Entidade 30', 303217083, '2018-01-17 17:23:06', '2018-03-13 16:22:09', '2019-06-09 11:29:47', 'ADSDSATEXTO');
insert into audita values (38, '1', 'Entidade 27', 675693740, '2018-04-30 23:55:17', '2018-08-23 01:24:55', '2019-04-22 14:04:23', 'ADSDSATEXTO');
insert into audita values (80, '0', 'Entidade 81', 569923777, '2018-01-04 13:54:54', '2018-07-16 01:41:39', '2019-01-10 04:44:02', 'ADSDSATEXTO');
insert into audita values (99, '0', 'Entidade 45', 600470711, '2018-03-30 17:50:06', '2018-09-15 18:24:57', '2019-08-04 14:34:59', 'ADSDSATEXTO');
insert into audita values (5, '1', 'Entidade 74', 63822330, '2018-09-20 21:11:26', '2018-11-30 07:37:38', '2019-06-19 04:16:05', 'ADSDSATEXTO');
insert into audita values (52, '0', 'Entidade 43', 193727990, '2018-04-26 10:55:40', '2018-11-05 22:35:25', '2019-01-03 03:47:05', 'ADSDSATEXTO');
insert into audita values (96, '0', 'Entidade 40', 10240422, '2018-08-01 09:28:47', '2018-10-18 11:21:28', '2019-09-07 17:35:23', 'ADSDSATEXTO');
insert into audita values (57, '4', 'Entidade 46', 268518226, '2018-01-26 19:55:29', '2018-07-03 23:26:17', '2019-05-17 23:47:10', 'ADSDSATEXTO');
insert into audita values (66, '3', 'Entidade 6', 457298337, '2018-01-25 09:26:36', '2018-06-11 13:01:55', '2019-02-17 10:01:36', 'ADSDSATEXTO');
insert into audita values (81, '5', 'Entidade 26', 354721665, '2018-01-09 09:19:50', '2018-09-28 07:25:20', '2019-04-17 06:49:48', 'ADSDSATEXTO');
insert into audita values (23, '2', 'Entidade 32', 250478585, '2018-02-25 16:11:36', '2018-04-24 13:32:47', '2019-06-17 11:05:33', 'ADSDSATEXTO');
insert into audita values (81, '2', 'Entidade 73', 525119125, '2018-03-09 04:27:04', '2018-11-05 09:04:16', '2019-02-16 10:46:13', 'ADSDSATEXTO');
insert into audita values (12, '5', 'Entidade 56', 304282404, '2018-01-03 01:51:49', '2018-11-04 20:09:41', '2019-02-04 02:21:10', 'ADSDSATEXTO');
insert into audita values (86, '3', 'Entidade 25', 548527986, '2018-07-27 21:59:12', '2018-09-30 07:13:54', '2019-07-14 11:51:01', 'ADSDSATEXTO');
insert into audita values (83, '2', 'Entidade 51', 225840822, '2018-07-21 15:02:13', '2018-11-21 09:55:18', '2019-06-17 02:40:03', 'ADSDSATEXTO');
insert into audita values (3, '1', 'Entidade 74', 63822330, '2018-07-31 05:12:29', '2018-11-28 19:35:41', '2019-01-23 07:54:46', 'ADSDSATEXTO');
insert into audita values (26, '2', 'Entidade 0', 867090165, '2018-04-13 17:32:56', '2018-07-18 11:27:02', '2019-02-25 12:22:04', 'ADSDSATEXTO');
insert into audita values (88, '3', 'Entidade 53', 956344416, '2018-09-09 21:29:54', '2018-10-30 11:57:28', '2019-06-28 17:34:34', 'ADSDSATEXTO');
insert into audita values (92, '3', 'Entidade 9', 403820307, '2018-05-28 16:31:42', '2018-10-22 04:24:51', '2019-05-28 21:11:08', 'ADSDSATEXTO');
insert into audita values (22, '0', 'Entidade 25', 614308509, '2018-02-10 19:25:44', '2018-11-12 23:12:12', '2019-02-25 09:25:48', 'ADSDSATEXTO');
insert into audita values (78, '3', 'Entidade 47', 267234774, '2018-07-21 09:42:37', '2018-10-18 17:32:54', '2019-07-07 23:45:25', 'ADSDSATEXTO');
insert into audita values (49, '2', 'Entidade 53', 225840822, '2018-02-23 20:49:50', '2018-11-25 21:29:18', '2019-10-25 12:39:16', 'ADSDSATEXTO');
insert into audita values (62, '3', 'Entidade 42', 304282404, '2018-01-18 11:49:51', '2018-05-02 14:56:45', '2019-01-23 21:12:34', 'ADSDSATEXTO');
insert into audita values (48, '0', 'Entidade 54', 776867704, '2018-09-22 09:58:18', '2018-11-02 03:25:19', '2019-07-27 12:58:16', 'ADSDSATEXTO');
insert into audita values (33, '1', 'Entidade 34', 548527986, '2018-01-09 06:21:05', '2018-09-30 08:22:27', '2019-01-28 13:46:59', 'ADSDSATEXTO');
insert into audita values (88, '0', 'Entidade 63', 267234774, '2018-03-17 16:26:44', '2018-11-17 21:01:39', '2019-03-26 05:03:29', 'ADSDSATEXTO');
insert into audita values (87, '0', 'Entidade 98', 368540765, '2018-04-11 14:38:12', '2018-11-06 16:47:23', '2019-02-01 02:01:54', 'ADSDSATEXTO');
insert into audita values (53, '4', 'Entidade 35', 262927841, '2018-01-13 13:11:51', '2018-02-06 11:20:57', '2019-03-25 18:21:15', 'ADSDSATEXTO');
insert into audita values (11, '2', 'Entidade 70', 193727990, '2018-03-30 22:22:28', '2018-08-01 11:04:16', '2019-06-22 15:11:27', 'ADSDSATEXTO');
insert into audita values (2, '1', 'Entidade 29', 304282404, '2018-01-13 08:30:56', '2018-05-10 05:38:54', '2019-05-17 04:47:29', 'ADSDSATEXTO');
insert into audita values (96, '1', 'Entidade 12', 262927841, '2018-01-16 19:49:57', '2018-09-06 08:36:57', '2019-04-05 19:29:31', 'ADSDSATEXTO');
insert into audita values (43, '1', 'Entidade 81', 569040332, '2018-08-11 18:45:58', '2018-10-04 09:31:41', '2019-02-19 11:31:13', 'ADSDSATEXTO');
insert into audita values (35, '1', 'Entidade 47', 63822330, '2018-08-24 09:45:29', '2018-11-10 11:37:03', '2019-04-18 18:38:28', 'ADSDSATEXTO');
insert into audita values (92, '0', 'Entidade 47', 770735551, '2018-04-13 06:16:06', '2018-10-27 15:32:36', '2019-10-16 07:54:05', 'ADSDSATEXTO');
insert into audita values (25, '5', 'Entidade 10', 484937965, '2018-01-07 09:41:55', '2018-10-30 08:04:28', '2019-06-04 22:40:06', 'ADSDSATEXTO');
insert into audita values (15, '0', 'Entidade 43', 268518226, '2018-01-01 15:11:16', '2018-03-08 06:42:49', '2019-07-15 14:49:25', 'ADSDSATEXTO');
insert into audita values (55, '4', 'Entidade 13', 213335994, '2018-03-08 10:42:17', '2018-07-09 04:48:52', '2019-04-17 18:47:24', 'ADSDSATEXTO');
insert into audita values (87, '1', 'Entidade 25', 664087694, '2018-10-20 21:58:31', '2018-11-13 16:41:50', '2019-11-14 04:21:10', 'ADSDSATEXTO');
insert into audita values (98, '0', 'Entidade 54', 980870829, '2018-02-26 02:46:02', '2018-05-01 15:59:08', '2019-08-16 05:06:13', 'ADSDSATEXTO');
insert into audita values (64, '2', 'Entidade 64', 813180301, '2018-09-02 07:03:10', '2018-09-19 12:20:17', '2019-04-21 12:34:05', 'ADSDSATEXTO');
insert into audita values (12, '2', 'Entidade 0', 867090165, '2018-06-03 12:01:13', '2018-06-15 01:56:47', '2019-01-28 06:34:41', 'ADSDSATEXTO');
insert into audita values (42, '2', 'Entidade 73', 477727835, '2018-02-25 07:16:58', '2018-09-19 18:57:34', '2019-07-21 13:13:47', 'ADSDSATEXTO');
insert into audita values (99, '1', 'Entidade 34', 761789602, '2018-02-05 22:26:24', '2018-11-04 14:09:13', '2019-02-05 08:19:07', 'ADSDSATEXTO');
insert into audita values (37, '1', 'Entidade 13', 457844018, '2018-01-01 19:32:45', '2018-03-09 03:49:05', '2019-06-13 07:39:21', 'ADSDSATEXTO');
insert into audita values (79, '0', 'Entidade 32', 65799502, '2018-04-15 13:57:12', '2018-10-31 15:18:17', '2019-05-18 14:06:53', 'ADSDSATEXTO');
insert into audita values (93, '3', 'Entidade 1', 265215197, '2018-09-29 23:51:24', '2018-11-29 16:12:02', '2019-06-27 18:48:20', 'ADSDSATEXTO');
insert into audita values (57, '0', 'Entidade 22', 399352190, '2018-04-07 16:36:17', '2018-09-22 17:29:40', '2019-03-09 15:57:45', 'ADSDSATEXTO');
insert into audita values (0, '0', 'Entidade 49', 532064418, '2018-01-01 12:43:42', '2018-05-06 05:16:24', '2019-06-20 13:59:52', 'ADSDSATEXTO');
insert into audita values (51, '1', 'Entidade 68', 814596673, '2018-01-12 22:14:31', '2018-11-23 07:31:49', '2019-04-28 21:12:02', 'ADSDSATEXTO');
insert into audita values (91, '1', 'Entidade 88', 242529865, '2018-01-18 14:31:41', '2018-06-13 15:04:25', '2019-09-20 08:12:31', 'ADSDSATEXTO');


insert into solicita values (78, '2018-02-02 17:50:25', 86, '2018-02-02 23:02:45', '2018-02-03 02:07:02');
insert into solicita values (88, '2018-02-25 09:52:49', 50, '2018-02-25 11:02:58', '2018-02-25 12:42:51');
insert into solicita values (60, '2018-04-20 12:14:15', 37, '2018-04-20 15:39:57', '2018-04-20 16:09:42');
insert into solicita values (49, '2018-02-02 17:50:25', 86, '2018-02-02 20:01:36', '2018-02-02 22:36:17');
insert into solicita values (95, '2018-07-18 11:08:49', 23, '2018-07-18 20:39:02', '2018-07-18 20:53:13');
insert into solicita values (5, '2018-07-25 07:49:10', 84, '2018-07-25 07:08:58', '2018-07-25 09:12:01');
insert into solicita values (34, '2018-11-07 04:08:03', 78, '2018-11-07 04:19:56', '2018-11-07 06:06:47');
insert into solicita values (51, '2018-04-24 14:54:48', 9, '2018-04-24 14:28:43', '2018-04-24 19:32:22');
insert into solicita values (11, '2018-10-04 05:52:31', 24, '2018-10-04 09:16:05', '2018-10-04 11:05:08');
insert into solicita values (69, '2018-11-22 22:36:17', 57, '2018-11-22 01:28:51', '2018-11-22 01:50:22');
insert into solicita values (98, '2018-06-16 10:41:45', 44, '2018-06-16 11:17:06', '2018-06-16 15:21:15');
insert into solicita values (57, '2018-04-26 17:19:13', 36, '2018-04-26 18:04:23', '2018-04-26 19:26:21');
insert into solicita values (70, '2018-01-07 02:31:18', 79, '2018-01-07 03:35:10', '2018-01-07 09:34:04');
insert into solicita values (29, '2018-06-14 19:37:38', 78, '2018-06-14 02:13:45', '2018-06-14 03:50:25');
insert into solicita values (66, '2018-11-22 22:36:17', 57, '2018-11-22 01:32:25', '2018-11-22 23:37:28');
insert into solicita values (3, '2018-05-05 21:41:19', 37, '2018-05-05 21:12:09', '2018-05-05 21:15:04');
insert into solicita values (85, '2018-09-17 09:57:31', 24, '2018-09-17 14:35:41', '2018-09-17 17:25:38');
insert into solicita values (88, '2018-06-05 16:15:49', 52, '2018-06-05 20:23:17', '2018-06-05 21:44:32');
insert into solicita values (5, '2018-10-04 05:52:31', 24, '2018-10-04 07:10:16', '2018-10-04 09:44:58');
insert into solicita values (83, '2018-05-16 10:10:31', 5, '2018-05-16 11:26:21', '2018-05-16 11:45:19');
insert into solicita values (95, '2018-04-04 20:34:31', 32, '2018-04-04 01:49:29', '2018-04-04 21:16:24');
insert into solicita values (11, '2018-08-19 02:06:38', 39, '2018-08-19 06:16:02', '2018-08-19 07:05:26');
insert into solicita values (97, '2018-11-02 02:55:29', 16, '2018-11-02 08:27:29', '2018-11-02 10:35:45');
insert into solicita values (45, '2018-04-01 08:20:54', 96, '2018-04-01 10:42:46', '2018-04-01 12:15:21');
insert into solicita values (84, '2018-07-08 12:54:31', 51, '2018-07-08 15:12:44', '2018-07-08 17:22:11');
insert into solicita values (73, '2018-03-03 01:48:05', 68, '2018-03-03 02:02:06', '2018-03-03 06:03:44');
insert into solicita values (27, '2018-02-13 17:13:40', 12, '2018-02-13 17:03:36', '2018-02-13 18:21:08');
insert into solicita values (73, '2018-05-15 15:24:50', 99, '2018-05-15 16:33:01', '2018-05-15 17:22:39');
insert into solicita values (61, '2018-03-18 14:01:36', 7, '2018-03-18 20:54:57', '2018-03-18 21:15:28');
insert into solicita values (92, '2018-03-06 01:21:39', 82, '2018-03-06 01:14:48', '2018-03-06 01:46:05');
insert into solicita values (44, '2018-07-29 01:31:32', 48, '2018-07-29 02:38:38', '2018-07-29 03:22:15');
insert into solicita values (50, '2018-07-18 14:15:02', 54, '2018-07-18 15:51:54', '2018-07-18 22:17:58');
insert into solicita values (75, '2018-06-14 03:09:13', 6, '2018-06-14 03:24:42', '2018-06-14 09:55:31');
insert into solicita values (75, '2018-04-20 08:15:48', 56, '2018-04-20 10:24:22', '2018-04-20 17:42:51');
insert into solicita values (63, '2018-10-13 19:51:54', 73, '2018-10-13 20:13:26', '2018-10-13 20:48:29');
insert into solicita values (18, '2018-07-10 09:01:56', 26, '2018-07-10 09:47:03', '2018-07-10 09:48:22');
insert into solicita values (25, '2018-04-30 05:30:28', 26, '2018-04-30 05:25:43', '2018-04-30 05:26:26');
insert into solicita values (65, '2018-09-23 13:53:29', 37, '2018-09-23 15:21:36', '2018-09-23 15:47:27');
insert into solicita values (38, '2018-04-07 14:06:31', 71, '2018-04-07 16:09:35', '2018-04-07 17:31:52');
insert into solicita values (39, '2018-11-07 11:28:41', 99, '2018-11-07 12:21:42', '2018-11-07 12:54:08');
insert into solicita values (29, '2018-10-14 19:15:25', 85, '2018-10-14 20:55:29', '2018-10-14 21:03:26');
insert into solicita values (55, '2018-04-07 01:08:54', 38, '2018-04-07 01:52:04', '2018-04-07 02:38:06');
insert into solicita values (57, '2018-06-18 02:06:08', 54, '2018-06-18 03:18:50', '2018-06-18 03:47:52');
insert into solicita values (35, '2018-07-01 05:49:12', 42, '2018-07-01 06:11:58', '2018-07-01 06:32:38');
insert into solicita values (34, '2018-11-02 12:55:57', 81, '2018-11-02 12:16:38', '2018-11-02 16:16:08');
insert into solicita values (55, '2018-02-06 15:39:31', 58, '2018-02-06 20:59:32', '2018-02-06 23:16:33');
insert into solicita values (10, '2018-07-06 03:32:17', 51, '2018-07-06 05:25:34', '2018-07-06 11:18:54');
insert into solicita values (81, '2018-09-21 11:51:13', 89, '2018-09-21 12:21:54', '2018-09-21 12:26:11');
insert into solicita values (4, '2018-07-18 11:08:49', 23, '2018-07-18 15:21:49', '2018-07-18 19:09:29');
insert into solicita values (83, '2018-06-17 20:20:21', 38, '2018-06-17 02:48:43', '2018-06-17 03:44:49');
insert into solicita values (37, '2018-09-09 03:43:40', 53, '2018-09-09 03:27:24', '2018-09-09 05:46:55');
insert into solicita values (4, '2018-02-14 12:18:36', 35, '2018-02-14 15:58:42', '2018-02-14 17:26:48');
insert into solicita values (67, '2018-10-19 20:30:43', 41, '2018-10-19 21:47:18', '2018-10-19 23:19:24');
insert into solicita values (49, '2018-07-18 14:15:02', 54, '2018-07-18 14:22:22', '2018-07-18 20:50:17');
insert into solicita values (8, '2018-01-05 05:31:05', 64, '2018-01-05 07:55:20', '2018-01-05 09:19:21');
insert into solicita values (84, '2018-02-01 14:50:22', 34, '2018-02-01 15:34:05', '2018-02-01 18:39:16');
insert into solicita values (82, '2018-11-25 23:12:28', 21, '2018-11-25 03:18:02', '2018-11-25 03:57:04');
insert into solicita values (31, '2018-03-03 11:20:41', 6, '2018-03-03 13:06:45', '2018-03-03 17:25:21');
insert into solicita values (45, '2018-05-29 11:09:18', 17, '2018-05-29 15:38:40', '2018-05-29 21:44:54');
insert into solicita values (7, '2018-06-28 01:10:21', 58, '2018-06-28 02:11:06', '2018-06-28 02:26:55');
insert into solicita values (50, '2018-09-17 09:57:31', 24, '2018-09-17 12:02:42', '2018-09-17 18:51:13');
insert into solicita values (75, '2018-10-05 16:25:14', 85, '2018-10-05 19:45:13', '2018-10-05 22:22:48');
insert into solicita values (18, '2018-05-29 11:09:18', 17, '2018-05-29 13:39:11', '2018-05-29 14:21:06');
insert into solicita values (39, '2018-07-18 08:56:11', 14, '2018-07-18 09:41:49', '2018-07-18 12:50:58');
insert into solicita values (0, '2018-09-24 22:06:28', 63, '2018-09-24 22:37:28', '2018-09-24 22:54:49');
insert into solicita values (9, '2018-06-16 10:41:45', 44, '2018-06-16 11:40:44', '2018-06-16 12:31:26');
insert into solicita values (3, '2018-10-01 05:29:12', 13, '2018-10-01 08:04:38', '2018-10-01 10:20:14');
insert into solicita values (24, '2018-06-18 02:06:08', 54, '2018-06-18 03:01:30', '2018-06-18 03:04:46');
insert into solicita values (69, '2018-04-07 14:06:31', 71, '2018-04-07 18:38:03', '2018-04-07 20:22:48');
insert into solicita values (19, '2018-09-06 05:49:54', 63, '2018-09-06 05:37:36', '2018-09-06 05:54:44');
insert into solicita values (80, '2018-01-30 01:29:26', 49, '2018-01-30 01:02:15', '2018-01-30 03:16:12');
insert into solicita values (26, '2018-07-15 04:45:11', 26, '2018-07-15 05:16:18', '2018-07-15 07:52:44');
insert into solicita values (60, '2018-10-01 16:51:44', 34, '2018-10-01 18:21:50', '2018-10-01 19:02:33');
insert into solicita values (69, '2018-01-01 16:48:32', 46, '2018-01-01 23:53:43', '2018-01-02 01:42:51');
insert into solicita values (5, '2018-10-01 05:29:12', 13, '2018-10-01 08:18:29', '2018-10-01 10:57:16');
insert into solicita values (28, '2018-06-27 03:12:17', 56, '2018-06-27 03:21:21', '2018-06-27 03:21:48');
insert into solicita values (19, '2018-09-23 04:13:42', 8, '2018-09-23 05:54:19', '2018-09-23 07:23:21');
insert into solicita values (64, '2018-07-31 09:39:35', 90, '2018-07-31 10:05:27', '2018-07-31 10:12:51');
insert into solicita values (95, '2018-05-06 11:51:46', 40, '2018-05-06 11:49:32', '2018-05-06 12:39:27');
insert into solicita values (40, '2018-07-10 09:01:56', 26, '2018-07-10 09:02:12', '2018-07-10 09:06:51');
insert into solicita values (4, '2018-05-09 22:16:06', 32, '2018-05-09 23:23:57', '2018-05-09 23:41:28');
insert into solicita values (22, '2018-06-05 16:15:49', 52, '2018-06-05 19:42:28', '2018-06-05 23:10:13');
insert into solicita values (40, '2018-04-18 03:43:27', 53, '2018-04-18 09:32:42', '2018-04-18 12:38:36');
insert into solicita values (79, '2018-11-07 09:47:16', 48, '2018-11-07 09:47:09', '2018-11-07 11:40:10');
insert into solicita values (36, '2018-08-23 21:29:42', 5, '2018-08-23 01:42:38', '2018-08-23 02:57:07');
insert into solicita values (10, '2018-09-23 13:53:29', 37, '2018-09-23 15:49:17', '2018-09-23 16:44:21');
insert into solicita values (33, '2018-01-23 11:41:01', 34, '2018-01-23 12:32:45', '2018-01-23 14:26:02');
insert into solicita values (19, '2018-03-14 15:32:09', 19, '2018-03-14 15:10:56', '2018-03-14 21:47:39');
insert into solicita values (67, '2018-05-06 11:51:46', 40, '2018-05-06 11:01:31', '2018-05-06 12:22:44');
insert into solicita values (99, '2018-05-25 03:57:51', 17, '2018-05-25 04:03:39', '2018-05-25 10:16:08');
insert into solicita values (92, '2018-09-10 21:03:16', 85, '2018-09-10 03:31:25', '2018-09-10 23:54:25');
insert into solicita values (1, '2018-02-01 14:50:22', 34, '2018-02-01 17:36:42', '2018-02-01 19:20:32');
insert into solicita values (87, '2018-07-08 18:01:46', 26, '2018-07-08 19:51:01', '2018-07-09 02:54:35');
insert into solicita values (77, '2018-11-01 03:06:31', 31, '2018-11-01 03:18:18', '2018-11-01 04:16:04');
insert into solicita values (58, '2018-05-23 16:34:25', 9, '2018-05-23 18:24:28', '2018-05-23 21:03:27');
insert into solicita values (17, '2018-08-01 15:52:07', 56, '2018-08-01 20:19:16', '2018-08-01 22:51:05');
insert into solicita values (55, '2018-03-27 11:08:26', 43, '2018-03-27 14:10:27', '2018-03-27 18:12:53');
insert into solicita values (69, '2018-02-10 14:32:08', 49, '2018-02-10 14:20:34', '2018-02-10 20:39:56');
insert into solicita values (7, '2018-08-16 02:03:52', 23, '2018-08-16 03:47:23', '2018-08-16 04:03:43');
insert into solicita values (5, '2018-09-06 05:49:54', 63, '2018-09-06 05:32:31', '2018-09-06 05:51:31');
